Name,[Fe/H],[C/Fe],[Sr/Ba],[Ba/Eu],[Eu/Fe],A_C,RV,Energy,Lz,Lp,I3,vRg,vTg,r_apo,ecc,l,b,dist,Combined Class,RA,DEC,pmRA,pmDEC,Comments,Temperature
J00002259-1302275,-2.9,-0.65,-0.82,-0.96,0.58,4.88,-0.65,-136222.923268,768.337239362,392.25802612,623581.325222,-111.035401937,97.4567113608,10.9713956929,0.6031823866,80.1268659907,-71.5311485626,3.720089328,r1,0.094121612,-13.04104577,-2.607,-9.453,,4879
J00021668-2453494,-1.81,-0.88,0.49,-0.42,0.52,5.74,-0.88,-126913.105343,1086.92301914,1213.86481654,1349716.5276,-144.178388876,146.400565583,11.7815432052,0.3748348764,41.6050019784,-78.737130205,4.070598049,r1,0.569517285,-24.89711521,-3.612,-8.09,,4923
J00400685-4325183,-2.55,-0.85,0.04,-2.11,0.55,5.03,-0.85,-144954.970948,-77.6235170931,172.168384614,763838.838174,-56.7474441064,-10.9518512519,9.2525508548,0.9313003428,310.207602761,-73.5461134264,5.549197586,r1,10.02861763,-43.42181035,3.047,-8.352,,4568
J00405260-5122491,-2.11,-0.04,0.13,-0.9,0.86,6.28,-0.04,-156971.867239,33.1076651014,430.129038804,122848.470649,22.4172875714,4.1575062046,8.0203005104,0.9755979007,306.930749651,-65.6650906975,0.148644891,r1,10.22057109,-51.38112504,211.493,-197.324,,6154
J00453930-7457294,-2,0.93,0.46,-0.18,0.55,7.36,0.93,-110883.578621,123.488288242,2073.61080357,3006092.3519,-102.048002052,16.6720272999,17.5514407217,0.5260712094,303.437987937,-42.1641659682,1.618468353,r1,11.41394477,-74.95840313,3.29,-46.994,,4971
J01202234-5425582,-2.11,-0.09,0.34,-0.14,0.3,6.23,-0.09,-137742.970407,798.952443428,169.722336834,209433.829349,163.539877106,103.023341244,11.2305131698,0.6575928626,293.901286398,-62.1851664954,1.421116914,r1,20.09326195,-54.43283865,33.022,3.871,,5370
J01425422-5032488,-2.09,0.07,0.26,-0.51,0.38,6.41,0.07,-141040.285634,-1315.173011,168.347857081,91495.228077,-76.1286548761,-165.686023748,9.0318929406,0.3250795889,283.661011792,-64.6115925395,0.662169164,r1,25.7262851,-50.54731647,60.701,-100.944,,5412
J02165716-7547064,-2.5,-0.33,0,-0.87,1.12,5.6,-0.33,-112981.621473,1824.95133407,905.189465001,824936.296163,-141.947333822,253.836104078,16.8021388899,0.4573979859,296.201116159,-40.205343355,4.092866948,r2,34.23812535,-75.7851551,-3.367,1.648,,4842
J02355867-6745520,-1.55,0.97,-0.39,-0.01,0.5,7.85,0.97,-151296.459152,434.177779044,244.284295342,417276.469708,49.3245389898,57.3691823935,8.2152214109,0.6844869583,288.938915827,-46.4211573533,3.569639275,r1,38.99455735,-67.76444938,10.316,-1.194,,4688
J02462013-1518419,-2.71,0.04,-0.02,-0.85,1.45,5.76,0.04,-102878.83265,-1190.82192073,729.792321825,728123.977594,231.283406773,-127.406697411,23.2076725539,0.7545027991,194.926908623,-60.8296418776,2.844816312,r2,41.58400527,-15.31167765,24.394,-11.61,,5755
J02500719-5145148,-2.2,1.04,-0.53,-0.14,0.62,7.27,1.04,-106848.930975,522.650973736,2524.53086953,4290523.81979,-66.9458413409,61.7404000459,17.1008540278,0.3099277826,268.896822011,-56.8050963261,4.782158921,r1,42.52992286,-51.75415258,-1.786,-0.793,,4774
J13164824-2743351,-1.61,-0.05,0.25,-0.53,0.54,6.77,-0.05,-122242.276962,-171.177381664,241.935134066,170639.153997,270.720313979,-23.3531668409,16.3529745799,0.951096025,309.77054533,34.8082838029,1.373636557,r1,199.2006819,-27.72642971,-60.604,-4.294,,4982
J14232679-2834200,-1.9,0.43,0.51,-0.68,0.61,6.96,0.43,-156753.499995,-754.966782033,399.571839227,289109.785347,10.8814835958,-116.53258482,6.6045438038,0.3760220607,326.299413243,30.0908899292,2.238235521,r1,215.8615132,-28.57234864,-19.31,-24.09,,4912
J14301385-2317388,-1.4,-0.7,0.06,-0.28,0.62,6.33,-0.7,-98149.5039228,-1434.28723987,1402.01265123,1830874.21112,-47.3915364107,-314.243428385,24.561406016,0.6515758139,330.584961709,34.2180624567,5.618555478,r1,217.5576899,-23.29414997,-9.587,-8.145,,4104
J14325334-4125494,-2.79,-0.14,-0.39,-0.9,1.61,5.5,-0.14,-93511.1828582,1080.95824039,837.266793804,460065.590865,325.380553886,147.755999375,28.7758524549,0.8378897173,322.613782212,17.5315866414,0.929149151,r2,218.2219017,-41.43056306,-57.722,-35.39,,4964
J15260106-0911388,-2.83,-0.82,0.21,-1.01,1.7,4.78,-0.82,-120102.243366,-1351.5360593,1114.13044895,1077896.58113,141.790976188,-233.376034746,14.4954232684,0.4727207305,354.238583588,37.8299588645,2.816169404,r2,231.5043583,-9.194256319,-22.713,-28.43,,4655
J15271353-2336177,-2.15,0.33,0.38,-0.73,0.7,6.61,0.33,-153344.805161,625.586210343,394.983711882,100189.613855,55.5409631131,79.4322452652,8.1868017758,0.6168617359,343.141991144,26.8509250926,0.145657931,r1,231.8052105,-23.60538816,-228.893,-96.951,,6004
J15582962-1224344,-2.54,-0.14,0.49,-0.85,0.89,5.75,-0.14,-147320.779235,1023.74199679,699.189989733,504471.295845,-49.2534459741,166.090471396,6.7943057224,0.1587315171,358.034611554,29.8290061046,2.118287681,r1,239.6234188,-12.40957171,-8.824,-0.691,,4885
J16024498-1521016,-1.8,-0.05,0.27,-0.47,0.55,6.58,-0.05,-139977.298952,1306.22530003,418.55204803,115703.671003,-94.80018229,168.504322227,9.3526911178,0.3502785391,356.330161673,27.0955735836,0.27930005,r1,240.6873257,-15.3505987,-29.101,-32.442,,4982
J17093199-6027271,-2.48,-0.45,0.43,-0.75,0.6,5.5,-0.45,-116898.137889,-1266.84939241,481.731586001,466415.384611,159.095440826,-291.365061707,16.9250572165,0.6465563055,330.001431529,-12.0020689445,5.340255177,r1,257.383192,-60.45759513,-8.5,-16.509,,4661
J17124284-5211479,-2.78,-0.42,0.55,-1.06,0.48,5.23,-0.42,-134882.62476,1138.09772069,755.595522135,589806.589263,-85.6853018991,237.056861078,10.4618291868,0.4188113333,337.12004549,-7.6135165345,3.74649423,r1,258.1784753,-52.19661708,-6.511,5.915,,4300
J17225742-7123000,-2.42,-0.33,-0.39,-0.37,1.07,5.68,-0.33,-115867.209827,-1312.30072009,1242.26278487,1444571.36418,-1.9119546869,-244.937976494,15.904381047,0.4926844001,321.155668248,-18.9740199803,4.602618539,r2,260.738927,-71.38335657,-18.986,-3.55,,4923
J17400682-6102129,-2.24,-0.26,0.47,-0.62,0.31,5.93,-0.26,-143856.197632,-570.008927809,1206.34591884,977881.684565,-76.8502109392,-80.1623316611,8.3930996833,0.461742688,331.50929102,-15.4850460592,1.070086137,r1,265.0283261,-61.0371257,-2.801,-51.085,,4838
J17435113-5359333,-2.24,-0.35,0.07,-0.8,0.73,5.84,-0.35,-157571.036861,609.50889186,725.026562052,465693.338077,37.190537363,102.740411966,6.337764643,0.4029237191,338.116676964,-12.5209502299,2.350730247,r1,265.9631037,-53.99267411,3.674,-17.337,,4880
J18024226-4404426,-1.55,0.35,-0.27,-0.1,1.05,7.23,0.35,-135871.150473,-169.5582632,631.712215372,399473.55812,280.407571649,-36.641908242,12.0265247253,0.9213474531,348.507116232,-10.5021153529,3.554901284,r2,270.6760641,-44.07858942,-12.573,-17.531,,4519
J18285086-3434203,-2.46,-0.58,0.51,-0.82,0.53,5.39,-0.58,-177506.501777,352.083237924,169.007457664,151717.651615,-23.8034155332,77.9043339088,4.6056590397,0.5146797863,359.450796928,-10.7562058702,3.543103128,r1,277.2119531,-34.57238434,-2.056,-9.169,,4567
J18294122-4504000,-2.48,-0.46,0.53,-0.76,0.7,5.49,-0.46,-159829.248709,623.23742343,235.800302833,295533.342655,121.608593255,148.627447866,6.3884786233,0.4452223873,349.718534571,-15.2622900956,4.072481365,r1,277.4218007,-45.06674075,2.612,-8.545,,4901
J18362318-6428124,-2.57,0.1,-0.81,-0.39,0.57,5.96,0.1,-150760.765791,1072.56252589,415.620409452,270657.732159,11.6506613768,173.353994976,6.371536251,0.1370229229,330.72260602,-22.7238321066,2.368814801,r1,279.0966506,-64.47016665,4.111,-8.538,,4996
J18363613-7136597,-2.52,-0.75,0.38,-0.93,0.56,5.16,-0.75,-145639.100265,1145.58931512,410.740400923,262005.485487,84.180569437,179.102237164,7.8285575889,0.2703450171,323.164333869,-24.4914509938,2.385589272,r1,279.1505512,-71.61666614,-3.516,-11.51,,4980
J183647.89-274333.1,-2.48,-0.47,0.05,-0.69,0.82,5.48,-0.47,-119473.832972,-352.451874879,515.297877968,504329.960843,78.7504497249,-382.454379118,16.9032275549,0.8933395935,6.4636693081,-9.3144780406,8.253457213,r1,279.199514,-27.72585806,1.759,-2.88,,4083
J18562774-7251331,-2.26,-0.48,0.01,-0.33,0.32,5.69,-0.48,-143345.154021,116.024041509,209.309847147,379348.869189,-216.342426119,21.1368383293,10.243220222,0.932918113,322.102701863,-26.1983677117,4.30939695,r1,284.1155524,-72.85918145,-5.802,1.47,,4835
J19014952-4844359,-1.87,0.02,0.61,-1.17,0.93,6.58,0.02,-166444.098851,-4.7533150922,277.803185522,216876.681972,-91.612131578,-0.8386534211,6.3107086395,0.9947182169,348.076579919,-21.6775285528,2.589058554,r1,285.4562849,-48.74338894,-5.53,-15.601,,4940
J19161821-5544454,-2.35,-0.8,0.6,-1.2,1.08,5.28,-0.8,-159430.06299,716.992237396,278.042749418,360803.699798,-69.4953978273,147.799676973,5.8149832878,0.2858728516,341.259072108,-25.5397740324,3.836517095,r2,289.0759066,-55.74595743,-1.22,-3.144,,4492
J19215077-4452545,-2.56,-0.77,0.26,-1.05,0.74,5.1,-0.77,-144395.760148,1158.62554061,371.888973725,346579.086355,-50.0920382097,228.586911418,7.8072633991,0.2411795547,353.126645441,-23.9029391605,3.243266137,r1,290.4615413,-44.88179015,-3.414,1.099,,4372
J19232518-5833410,-2.08,0.27,0.45,-0.65,0.76,6.62,0.27,-151877.687893,-85.7511925198,619.135495933,424369.883853,-126.238668656,-13.2067922392,8.3620937013,0.9316457063,338.352308831,-26.9756655635,1.853953929,r1,290.8547397,-58.56147357,-23.412,-16.432,,4861
J19324858-5908019,-1.93,-0.51,0.25,-0.25,0.9,5.99,-0.51,-118302.699067,281.165100826,1344.6626251,1526535.28346,-274.349404594,60.4698062021,16.3291159036,0.8101053937,337.888826729,-28.2538549306,4.392041296,r1,293.2024406,-59.13389708,1.648,0.08,,4082
J20093393-3410273,-2.1,-0.86,0.36,-1.09,1.32,5.47,-0.86,-147524.978586,-600.528316429,394.16496352,604142.433205,-151.118365688,-154.99281574,8.3427867936,0.5496989589,7.3193726767,-30.152676938,4.853420666,r2,302.3914054,-34.17433646,-7.982,-16.741,,4122
J20303339-2519500,-2.18,-0.65,0.7,-0.7,0.41,5.6,-0.65,-158417.348443,-671.901611802,458.645998251,473253.263332,-38.3700694313,-126.052858071,5.7823672756,0.2787237031,18.7068713567,-32.157268875,3.431685962,r1,307.6391368,-25.33072146,0.484,-22.423,,4261
J20492765-5124440,-2.47,-0.77,0.38,-0.83,0.58,5.19,-0.77,-160429.072824,379.216119188,232.69216474,545078.252711,-63.0042106508,78.2639544733,6.1399918429,0.5528034335,347.265801235,-39.0362912828,4.235818677,r1,312.3652165,-51.4122676,-3.661,-6.89,,4565
J20514971-6158008,-1.87,0.1,0.46,-0.61,0.43,6.66,0.1,-141913.663594,1127.34600967,791.241782504,450295.01046,73.6767209072,151.045573643,8.4924140652,0.3016554904,333.880120378,-37.7517681496,0.762197465,r1,312.957144,-61.9670653,-5.909,-33.739,,5284
J21064294-6828266,-2.76,0.53,0.38,-0.8,1.32,6.2,0.53,-145912.605608,807.870139354,965.537597294,794475.202105,54.1209442114,119.321244079,7.4102010413,0.2784948933,325.463539978,-37.2960137718,1.965002711,r2,316.6789008,-68.47416411,-4.429,-18.376,,5186
J21091825-1310066,-2.4,-0.28,0.02,-1.13,1.25,5.75,-0.28,-157647.957066,-100.172355821,637.709551101,447979.732867,-61.8679916695,-14.7867755218,7.2181109456,0.8998817384,36.3902341951,-36.4629481748,1.997016199,r2,317.3260545,-13.16851384,3.183,-28.673,,4967
J21095804-0945400,-2.73,-0.45,0.72,-0.89,0.77,5.25,-0.45,-150842.259437,951.051538107,314.212495353,369152.16112,37.5537402306,152.15019237,6.8588204628,0.2532998355,40.2749905026,-35.15385526,3.171188258,r1,317.4918787,-9.761130423,2.188,-5.146,,4189
J21162185-0213420,-2.23,-0.98,0.51,-0.43,0.49,5.22,-0.98,-145244.795701,1220.01118173,257.359557412,263269.460599,-39.0887928603,180.152874041,7.3620239153,0.1759210588,49.1665793735,-32.9126372727,2.613310712,r1,319.0910541,-2.228357362,-4.347,-6.713,,4163
J21224590-4641030,-2.96,-0.18,0.24,-0.89,0.9,5.29,-0.18,-144993.781699,440.458340565,939.081690092,1146578.95401,-25.7151362122,80.2844348286,7.8319704007,0.4171131627,352.867985086,-44.9301003777,3.591308461,r1,320.6912805,-46.68424042,-7.329,-9.618,,4912
J21262525-2144243,-2.81,-0.88,0.39,-0.6,0.58,4.74,-0.88,-151213.505279,468.890754282,274.733198667,528874.6176,123.637543817,84.0692506873,7.9309547878,0.6251089448,27.8392633057,-43.3371481474,4.032245329,r1,321.6052723,-21.74010026,5.861,-4.888,,4409
J22163596+0246171,-2.37,-0.1,0.44,-0.72,0.45,5.96,-0.1,-154548.93778,289.499009113,309.830236586,327108.768356,47.4551106307,39.0079901668,7.9230017818,0.7802676058,65.4638749843,-42.1923346459,2.520697966,r1,334.1498873,2.771337878,8.7,-11.429,,5057
J22492756-2238289,-1.82,-0.08,0.82,-0.91,0.48,6.53,-0.08,-147792.092098,25.2060332077,418.356321186,570732.325451,97.4762646881,3.6400128928,8.9515582569,0.9795236511,35.379338336,-62.0451707524,2.933497163,r1,342.3649378,-22.64142754,14.092,-12.581,,4795
J23022289-6833233,-2.64,0.3,0.44,-0.9,0.61,6.09,0.3,-153796.466385,287.650166101,664.936718502,396887.074104,51.1179056036,38.4901318958,7.9242614586,0.7734024517,316.763285566,-45.5317348113,1.066313925,r1,345.5957579,-68.55657469,30.812,-20.342,,5336
J23362202-5607498,-2.06,-0.05,0.76,-0.9,1.14,6.32,-0.05,-132636.764128,331.909981818,1280.106398,1885019.92494,-46.8153694495,58.7177423664,9.7681938299,0.3216237573,322.720021675,-58.0195826553,6.523162311,r2,354.0918005,-56.13049987,3.336,-1.968,,4531
CS30339-015,-2.69,0.69,1.14,-1.08,0.57,6.43,0.69,-132651.922847,-1022.85077757,741.187371935,601487.163816,129.939407405,-132.069335056,11.5364600181,0.5255348042,348.85618053,-80.0205393945,1.501872115,r1,4.242420649,-33.80505111,43.75,-33.912,,5580
CS29497-004,-2.68,0.11,-0.31,-0.71,1.71,5.86,0.11,-124550.252455,1322.47255741,733.819064377,822588.385293,113.13116253,169.775637347,13.1850664611,0.4590297036,43.2877728732,-84.6765454215,3.154662107,r2,7.028860122,-26.05118409,9.473,0.392,,5090
HE0057-4541,-2.34,0.49,0.33,-0.61,0.55,6.58,0.49,-130677.644742,-247.441133292,192.278589087,734289.5026,-162.256158466,-33.4418519558,13.0072138665,0.8791594919,298.165407762,-71.634143696,4.883060228,r1,14.99699386,-45.41489466,0.164,-12.662,,5144
HE0105-6141,-2.56,0.23,0.2,-0.38,0.51,6.1,0.23,-143080.626024,1018.57474537,493.300626536,451989.267394,-62.4307096619,136.779165997,8.6416665274,0.3716586271,299.505164893,-55.5987555792,2.297684213,r1,16.90772772,-61.42162555,2.536,-10.115,,5234
HE0240-0807,-2.86,-0.37,-0.27,-0.58,0.76,5.2,-0.37,-117883.971905,1849.28317064,925.634617581,923256.806448,-68.3665440961,179.6710988,13.9086588411,0.3086655107,182.074671958,-57.3459774589,4.251158982,r1,40.74053069,-7.909838161,1.578,-2.162,,4740
CS31078-018,-2.83,0.45,-0.33,-0.55,1.14,6.05,0.45,-140471.060159,1005.48842067,221.341906705,153436.815628,89.8970115435,111.674492356,10.1813668371,0.5330668462,170.900998398,-44.1988144247,1.415889471,r2,45.25293572,6.275458149,17.35,-10.216,,5257
HE0300-0751,-2.27,0.06,0.25,-0.78,0.76,6.22,0.06,-130301.894322,493.424758599,616.158655856,647141.377992,99.4246840217,47.2327106344,13.0604553037,0.783004526,187.092631462,-53.2555659164,4.113839678,r1,45.7669845,-7.661799494,7.235,-5.685,,5280
HE0315+0000,-2.73,0.14,-0.21,-0.34,0.64,5.84,0.14,-112705.890618,2000.68092747,1306.76676252,1314496.87051,-61.1383778518,185.462575959,15.210108008,0.2871175946,181.139243738,-45.5170843971,3.978799348,r1,49.4125566,0.184609831,3.571,-0.223,,5013
CS29526-110,-2.19,2.37,-1.85,-0.04,2.18,8.61,2.37,-133419.258898,-955.105204615,1342.55921864,1160924.57849,-85.6017582416,-114.387060578,10.0886107758,0.3494945217,215.106560605,-54.5088145436,0.728941209,r2,51.93196396,-23.00870369,28.329,-90.456,,6650
HE0337-5127,-2.61,0.12,0.16,-0.66,0.59,5.94,0.12,-139985.877022,987.215894781,490.205171305,557541.600654,30.0746194333,112.571351468,9.4199884835,0.4247926425,262.041764464,-50.3296616916,4.154264433,r1,54.80473706,-51.3045321,6.745,0.22,,5247
HE0341-4024,-1.82,0.22,0.13,-0.81,0.68,6.83,0.22,-147540.01222,-242.924174691,173.873862818,75957.0836706,129.733224239,-29.7365698357,9.7981634973,0.8731479237,244.579408571,-52.3733379023,0.61848289,r1,55.78410859,-40.25818123,73.464,-5.635,,6108
CS22186-002,-2.72,0.06,0.17,-0.74,0.65,5.77,0.06,-126007.858899,-940.455034168,487.892692374,255269.659886,199.66087034,-112.151569027,14.4016469913,0.6974267006,238.864039439,-46.4844401317,1.022124833,r1,63.48865242,-36.77370142,49.798,-0.908,,5500
CS22182-033,-2.65,0.31,0.51,-0.87,0.58,6.09,0.31,-135259.69888,-819.528644727,513.710972827,300125.19599,150.249662044,-92.4653906547,11.7175338669,0.6562892861,230.450582689,-43.9374761576,1.763952796,r1,65.79383399,-30.61785973,33.68,-6.789,,5810
CS22186-025,-3,-0.45,0.01,-0.56,0.53,4.98,-0.45,-97058.5694634,1691.10949874,1028.81572161,1192931.61099,-184.664288373,154.949128981,25.3748636082,0.6638031446,239.548993018,-44.3897435937,6.163592694,r1,66.13667404,-37.15071456,2.703,-3.489,,4900
HE0430-4901,-2.72,0.05,-0.36,-0.69,1.15,5.76,0.05,-142192.954629,592.316544827,544.668715133,419446.009162,91.3593424331,68.8625606715,10.0494354697,0.6776099865,255.750206732,-42.7655654711,2.389227169,r2,67.87978535,-48.91151241,7.281,4.822,,5296
HE0432-0923,-3.19,0.2,-0.09,-0.57,1.24,5.44,0.2,-118111.885584,1734.73404052,899.886450435,755507.491182,-89.309306588,151.101328288,14.7071917555,0.4051404551,205.268892228,-34.6040517606,4.527340885,r2,68.60698143,-9.280709042,4.169,-2.509,,5131
HE0442-1234,-2.41,-0.65,-0.03,-0.7,0.51,5.37,-0.65,-126723.237237,-1338.25938379,827.234218106,664226.240729,57.2057510038,-118.76027064,12.587210809,0.4474888562,210.090208809,-33.6710746028,4.336165332,r1,71.21547308,-12.4793661,7.924,-11.727,,4604
HE0516-3820,-2.48,0.4,0.23,-0.59,0.62,6.35,0.4,-142300.93175,905.21679643,329.184501446,274627.34358,29.2519362781,96.4310264923,9.6934800271,0.5336634662,242.557735625,-33.9810817334,2.959628848,r1,79.553856,-38.29241984,3.805,-0.342,,5269
HE0538-4515,-1.52,0.11,0.41,-0.65,0.5,7.02,0.11,-140218.210644,1356.52726767,426.637133731,202144.044234,27.287199695,159.728247792,8.6560779391,0.2508328863,251.42796363,-31.1002710863,1.489535255,r1,84.94228039,-45.22582971,10.673,6.025,,5896
HE1044-2509,-2.88,0.48,0.15,-0.74,0.92,6.03,0.48,-126770.095613,-1424.91394835,1303.62204244,1225128.14241,-64.3035468452,-168.350020178,10.2338516865,0.1530851188,270.569112413,29.5355034802,3.269354715,r1,161.8186741,-25.42177354,3.41,-7.287,,5227
HE1127-1143,-2.72,0.5,-0.23,-0.49,1.06,6.21,0.5,-141751.040385,52.9472176858,1169.0460371,1163899.38573,-63.7738798038,6.4399697254,9.3976136747,0.9046703131,273.454335561,46.1459183122,3.519678095,r2,172.4609491,-12.00351528,0.098,-4.817,,5224
HE1131+0141,-2.49,0.08,-0.23,-0.39,0.87,6.02,0.08,-134946.03481,-149.068056183,1113.28508828,1228812.94944,64.9115881521,-17.7641753689,11.1277169846,0.8300115253,264.068270325,58.356675602,3.503341619,r1,173.633858,1.41157413,-7.127,-6.175,,5236
HE1219-0312,-2.97,0,-0.24,-0.74,1.39,5.46,0,-147896.785926,3.8353781602,694.123361225,734039.357149,-68.7331247738,0.5039397542,8.6421928608,0.9961449258,288.533169973,58.5565277402,3.677455036,r2,185.3922504,-3.47771445,-2.809,-8.801,,5060
BS16929-005,-3.15,1.72,0.4,-0.79,1.14,7,1.72,-142890.477574,789.013968827,526.612662755,537751.219786,81.1990716261,97.619924019,9.2378469165,0.5167585357,102.56830975,82.7929042581,2.762780473,r2,195.8727562,33.8525498,-10.928,-4.156,,5250
HE1311-1412,-2.88,-0.2,0.15,-0.63,0.52,5.35,-0.2,-141623.630799,-456.073879594,376.042807204,868489.069701,88.5524191845,-74.9739988426,9.5463761908,0.6466905575,311.00709615,48.048853235,6.734681591,r1,198.4249582,-14.47354041,-7.442,-4.975,,4796
BS16543-097,-2.48,1.36,0.65,-0.54,0.97,7.31,1.36,-147906.97293,-775.505939996,314.542961877,419643.184973,51.8942129795,-102.31956308,8.2650648664,0.4820210249,0.3017231811,80.3260010671,2.503872523,r1,201.61716,21.64515195,-20.669,-19.735,,5220
HE1430+0053,-3.03,0.25,-0.54,-0.85,0.71,5.65,0.25,-142816.604854,-604.743191425,713.902127124,645968.310089,158.882503878,-94.3277540816,9.4302384893,0.604277821,349.912151331,53.9903944988,2.755902143,r1,218.318794,0.68018128,-23.168,-14.932,,5201
CS30306-132,-2.41,0.46,-0.07,-0.62,0.87,6.48,0.46,-142017.530062,944.629195223,464.083761803,458962.558091,134.130910033,149.233785781,9.2193570442,0.4520428967,9.4346969389,50.859274032,2.691991699,r1,228.5787902,7.450750163,-9.054,1.143,,5110
CS30312-059,-3.13,0.35,0.14,-0.68,0.56,5.65,0.35,-146723.911739,-587.997993186,368.292929121,409328.177016,166.386464783,-101.115350086,8.9957945166,0.6340719608,3.6589269113,41.4510840384,2.923238339,r1,233.7034016,-1.393758141,-21.554,-11.977,,5021
CS22891-200,-4.06,0.53,-0.43,-0.86,0.11,4.9,0.53,-140455.52187,311.971796489,396.358298834,575971.506075,-229.636804869,71.4489745258,10.5217680163,0.8165205619,335.005950293,-28.8019021183,5.120297289,r1,293.8294446,-61.70676742,-5.024,0.754,,4490
CS22896-154,-2.68,0.31,0.18,-0.39,0.84,6.06,0.31,-155752.812324,-894.962264489,231.644550731,277685.294074,-32.9654920062,-155.811451138,6.1365448869,0.2238190829,340.486724322,-29.300037996,2.816377491,r1,295.6119772,-56.9762358,-9.747,-24.965,,5250
HE2155+0136,-2.07,-0.04,-0.11,-0.59,0.68,6.32,-0.04,-151970.231968,-286.558443097,595.742885119,408674.691576,96.3521378751,-39.0306102413,8.2618576627,0.7851853279,60.5344175043,-39.1322317625,2.080380829,r1,329.4064989,1.838879793,8.623,-10.21,,5331
BS17569-049,-2.85,-0.06,0.26,-0.56,0.68,5.52,-0.06,-150587.754423,140.191490108,751.441408657,761434.451107,37.528744562,19.4563668753,7.9602769852,0.8459639873,64.2147835561,-39.1764483813,4.270873877,r1,331.2431709,4.025576358,0.446,-3.931,,4700
HE2206-2245,-2.73,0.17,0.21,-0.76,0.6,5.87,0.17,-148554.091645,-295.765013483,897.656186248,971387.000476,99.0646725472,-47.9680484283,7.778460195,0.6141353676,30.9630268192,-53.0436243161,3.774007092,r1,332.2893152,-22.50455701,4.683,-10.83,,5100
HE2216-1548,-1.7,-0.42,-0.09,-0.33,0.57,6.31,-0.42,-131025.122906,134.327282432,1578.13122464,2188383.74511,69.8025052311,21.4756602069,9.0038262284,0.1514772342,43.2084831992,-52.948150888,4.664396724,r1,334.8765031,-15.56011555,-0.847,-4.161,,5154
CS22886-043,-2.14,0.25,0.47,-0.5,0.78,6.54,0.25,-148044.562318,666.44939147,443.216664588,718597.094619,24.2542163763,102.676574512,7.6940785044,0.4236123376,51.4338475678,-51.1211953929,5.184578387,r1,335.6407831,-10.23585089,0.705,-4.541,,6000
HE2224+0143,-2.58,0.31,-0.2,-0.51,1.04,6.16,0.31,-155384.449845,434.780701927,111.099932381,273345.6158,14.9296654447,58.0492223589,7.7141614585,0.6804985799,67.1289651681,-44.7283606794,2.506148513,r2,336.8463573,1.975807543,4.073,-10.241,,5198
CS29491-069,-2.6,0.28,-0.03,-0.73,1.05,6.11,0.28,-88338.3814803,-1351.31049338,2268.54184102,3498857.29295,164.187048361,-195.642824168,29.8009282052,0.6369970438,14.0145244416,-59.2143482649,2.211896897,r2,337.7591594,-32.64362901,10.055,-34.609,,5300
HE2242-1930,-2.21,0.05,0.21,-0.69,0.54,6.27,0.05,-119849.621598,1584.76212891,707.978379628,756081.659383,-113.473251889,231.1781035,14.4509330078,0.4400431487,41.4000250292,-60.0485009041,3.287908289,r1,341.321627,-19.24772702,-9.536,-3.779,,5281
HE2244-1503,-2.87,0.11,-0.5,-0.54,0.94,5.67,0.11,-87196.3652429,2493.85521468,1183.29349275,1221744.56247,30.268845987,356.317474311,30.5507657579,0.6138922951,49.7657711494,-58.6481658102,3.36104176,r1,341.8576315,-14.79170637,-0.635,4.435,,5122
HE2252-4225,-2.94,-0.34,-0.36,-0.53,1.12,5.15,-0.34,-84962.8151312,889.640147057,2445.131429,4490888.57021,126.948952254,158.240497891,32.0572065417,0.6531132118,352.995353415,-61.9374973679,5.109111541,r2,343.7440335,-42.15540337,0.546,-4.144,,4710
HE2252-4157,-1.93,-0.19,-0.13,-0.28,0.52,6.31,-0.19,-138157.744386,966.408742541,861.077254871,956078.400092,-36.9019029514,147.563681675,8.8255667221,0.28889321,353.818415608,-62.2183884421,3.135117884,r1,343.8925733,-41.69147986,-3.372,-7.244,,5090
HE2301-4024,-2.1,0.26,-0.34,-0.53,0.97,6.59,0.26,-115329.128199,-697.054313756,1819.13870053,2647024.75546,-24.4684975607,-102.307638754,15.3268850608,0.4315726109,355.63292532,-64.3214613414,2.747937596,r1,346.0584157,-40.13907914,-1.299,-28.027,,5743
HE2327-5642,-2.78,0.09,-0.4,-0.67,0.97,5.74,0.09,-123079.779104,-575.375923274,1247.53227777,1767083.50645,70.6182815234,-91.142801276,13.7454095406,0.561872979,323.642338956,-57.3215446603,4.215490552,r1,352.6546381,-56.43736649,12.569,-8.692,,5050
CS30315-029,-3.43,0,-0.43,-0.52,0.67,5,0,-131805.570155,443.69481471,958.413744922,1381502.789,-54.1751329703,65.4081202185,11.4831261897,0.6058112431,29.9452669535,-72.8484051697,4.911932658,r1,353.6112281,-26.70392229,-1.145,-7.462,,4570
CS31082-001,-2.78,0.18,-0.5,-0.52,1.65,5.83,0.18,-125481.889551,-835.002310661,1727.56759066,1997827.56106,-103.970805871,-99.2389684445,11.3552948675,0.2868320707,163.339558921,-75.8031121644,1.758394477,r2,22.37976566,-16.0128218,11.745,-42.709,,4922
BD+173248,-2.06,-0.37,-0.03,-0.55,0.87,6,-0.37,-158536.946592,-14.5659043545,444.77268767,164371.45237,43.0364876772,-1.9475262055,7.6729560834,0.9882611244,40.1780974057,26.0133713901,0.778349571,r1,262.0600726,17.50986139,-47.746,-22.412,,5200
CS22191-029,-2.71,0.25,0.48,-0.7,0.54,5.97,0.25,-114694.856416,811.203784199,2296.30334011,3317618.31032,101.597966949,75.9046131156,13.3005052027,0.1857324399,242.643989962,-39.9881555439,5.621303928,r1,71.92705237,-39.12400969,10.507,1.861,,6000
CS22877-015,-2.12,0.28,0.1,-0.43,0.85,6.59,0.28,-157997.916911,294.293817918,236.57810063,98723.2676536,11.2812417098,38.011618536,7.7778317167,0.7939165051,312.151104288,53.2097149119,0.655024206,r1,198.4383775,-9.262112052,-42.555,-35.27,,6150
CS22940-121,-2.89,0.25,0.23,-0.44,0.58,5.79,0.25,-150481.704715,86.7031505641,704.350673902,898281.017602,-65.6403275823,16.3186098233,7.7435141638,0.8745508959,338.699330287,-38.9842625278,3.866571562,r1,313.7952707,-58.01536736,-8.835,-11.132,,5400
CS22945-056,-2.82,1.59,0.3,-1.08,0.67,7.2,1.59,-111555.521551,-870.620188118,1042.54718842,1196009.32917,-254.448968865,-139.717129775,18.9709794064,0.7229402242,312.357591981,-50.5571369314,5.382915189,r1,358.3323821,-65.49437083,-5.489,-10.804,"Ul_C, ul([C/Fe])",6000
CS22955-174,-2.89,0.25,0.54,-0.58,0.6,5.79,0.25,-156931.437041,512.165437158,269.047081936,526778.841424,-90.4034767757,106.782644146,6.5933870223,0.4881090286,21.3686546268,-34.2036637845,4.402548204,r1,310.520981,-23.82021504,-5.671,-7.395,,5650
CS29499-003,-2.51,0.26,0.5,-0.96,0.79,6.18,0.26,-133218.471501,309.321253766,517.863803446,379748.609122,-195.01352848,40.1338125798,12.7083730601,0.8710259884,29.3468552776,-74.0445221449,1.229185735,r1,354.9289029,-26.98230349,-18.835,-43.668,,6080
CS29499-058,-2.81,0.59,0.58,-0.95,0.64,6.21,0.59,-130158.966445,131.735941259,1243.29451403,1063551.09284,-191.564069954,16.89449684,12.8023603352,0.9107156635,34.5760648853,-76.7241200592,1.077309562,r1,358.0662094,-25.97213435,-6.747,-55.158,,6060
CS29513-003,-2.47,-0.04,0.32,-0.57,0.5,5.92,-0.04,-147110.1026,-193.140111137,940.704758207,1033596.34937,-6.0928366238,-28.4908367486,8.1522460725,0.7149504817,349.628307151,-65.456641862,2.99729173,r1,348.8821314,-41.93891618,2.966,-19.048,,5480
G214-1,-2.29,-0.12,0.19,-0.29,0.56,6.02,-0.12,-143579.182217,772.02629858,597.734547217,225259.948542,122.847622978,96.6878772879,9.7744765489,0.6071729312,84.2875330759,-15.6615496906,0.178459292,r1,326.9827665,33.10748292,195.565,-14.047,,5370
HD126587,-2.77,0.31,0.18,-0.62,0.55,5.97,0.31,-152376.15597,290.584274972,16.7453711103,37857.1384605,-123.555730502,38.4034962221,8.8995950441,0.8325827303,330.345016908,35.4892272478,0.618294847,r1,216.7514457,-22.24439443,-14.976,-53.441,,4960
HD186478,-2.49,-0.13,0.19,-0.83,0.63,5.81,-0.13,-141082.390046,-770.918931521,474.113189004,171188.359367,-171.467155299,-107.00149148,10.4919318781,0.6456837801,22.7654208647,-19.5407790574,0.924222133,r1,296.3088208,-17.49121934,-22.224,-85.046,,4720
HD20,-1.58,-0.38,-0.04,-0.53,0.79,6.47,-0.38,-132566.621259,13.6995378899,164.003279675,69103.9081278,226.639573479,1.7289684215,13.3806615102,0.9950023315,29.4875807135,-79.7343453324,0.493690892,r1,1.314493081,-27.27187781,132.434,-39.917,,5445
HD221170,-2.16,-0.6,-0.05,-0.59,0.78,5.67,-0.6,-144506.402686,832.635594586,267.228175921,62272.1131607,-121.930410639,102.643888122,9.7619327718,0.6004104686,102.704518686,-29.1999011062,0.519853872,r1,352.3699535,30.43250435,-16.642,-53.664,,4510
HD6268,-2.62,-0.55,0.12,-0.55,0.54,5.26,-0.55,-126916.845339,1562.42363766,404.537379441,175837.74559,-146.625531055,194.796001017,12.7286998728,0.4409183092,229.574266947,-87.2637597519,0.671385834,r1,15.82557202,-27.88068752,-29.652,-33.643,,4600
LAMOSTJ1109+0754,-3.41,-0.57,-0.02,-0.85,1.16,4.45,-0.57,-116010.450279,955.871992348,625.647492923,795045.089229,-175.743600507,105.204198001,17.3898759232,0.7095953296,246.569061001,59.0610071676,4.227642567,r2,167.2551093,7.911567257,2.009,-9.155,,4440
SDSSJ103649.93+121219.8,-3.23,1.57,-1.69,-0.09,1.29,6.77,1.57,-126738.396241,-192.240699619,288.545033569,428912.928114,-182.40488124,-20.8786052537,14.6001292297,0.9303466073,231.585115539,55.1353163044,3.102737953,r2,159.2080573,12.20543913,3.278,-19.874,,6000
SMSS_J003055.81-482011.3,-2.53,0.05,-0.09,-0.31,0.51,5.95,0.05,-143037.266024,504.576479755,530.001050224,951350.51381,-2.2299816948,75.210845398,8.8785934004,0.550906154,312.226582146,-68.420087791,6.056707248,r1,7.732584195,-48.33638563,3.704,-3.46,,4720
SMSS_J051008.62-372019.8,-3.2,0.56,-0.34,-0.2,0.95,5.79,0.56,-132425.510654,-911.022189098,1459.54248922,1382833.41212,49.8489424963,-107.923504486,9.899267911,0.2951261719,241.094205228,-35.3961351387,1.037577106,r1,77.53594536,-37.33881211,11.816,-23.439,,5170
SMSS_J164921.94-041943.9,-2.24,-0.25,-0.16,-0.32,0.68,5.94,-0.25,-161054.055349,-90.921123469,212.271240172,366585.177689,163.437657314,-20.2954009174,6.8039119231,0.9055760883,13.7955315153,24.597281115,4.086641033,r1,252.341384,-4.328886991,-9.096,-4.726,,4936
SMSS_J175738.37-454823.5,-2.46,-0.43,-0.26,-0.55,1.02,5.54,-0.43,-176155.057696,427.247762564,233.961444899,329718.969665,17.5483397847,160.600303793,3.5536735487,0.1518881911,346.527511417,-10.5234561789,5.982205332,r2,269.4098692,-45.80655011,0.564,-5.327,,4617
SMSS_J195931.70-643529.3,-2.58,-0.45,0.21,-0.75,0.74,5.4,-0.45,-128347.933512,-115.194285124,1437.23082979,1902262.85937,-205.302246315,-27.3776660941,11.8710790755,0.5262774117,331.720769464,-31.5786668566,6.124963445,r1,299.8821649,-64.59149332,1.78,-1.142,,4639
HE0448-4806,-2.26,2.24,-0.68,-0.09,1.87,8.41,2.24,-151544.477939,677.662371844,99.6925021854,73090.8909434,52.6005723702,82.4842942554,8.5096701569,0.6103652885,254.25722281,-39.8549366193,0.904626534,r2,72.38786742,-48.01895669,25.112,4.551,,5900
HE2244-2116,-2.35,0.34,0.1,-0.68,0.58,6.42,0.34,-116645.849427,1540.41638363,1407.43224839,1638784.608,-78.4975858826,227.944794351,14.3317225527,0.3318539625,38.2773724277,-60.989739121,3.475921795,r1,341.7114046,-21.01199754,-0.751,-4.811,,5230
HE1226-1149,-2.91,0.54,-0.4,-0.69,1.54,6.06,0.54,-111835.724057,1637.68874432,1628.84100142,2057699.5403,-84.0448121153,224.876970335,15.7840548898,0.3281266227,294.48757972,50.4072598542,4.923396589,r2,187.3668135,-12.10391175,-0.052,4.369,,5120
HE0102-0633,-2.95,-9999,-0.36,-1.94,1.89,-9999,3.8,-150034.026206,560.444529028,479.2208117,303461.590115,-34.3471660414,67.2926897884,8.5312691997,0.6423701796,132.629951051,-68.9011589965,1.317282857,r2,16.35714933,-6.293258234,10.848,-26.434,,6350
