Name,[Fe/H],[C/Fe],[Sr/Ba],[Ba/Eu],[Eu/Fe],A_C,RV,Energy,Lz,Lp,I3,vRg,vTg,r_apo,ecc,l,b,dist,Combined Class,RA,DEC,pmRA,pmDEC
J00002259-1302275,-2.9,-0.65,-0.82,-0.96,0.58,4.879999999999999,-104.37,-136222.923268,768.337239362,392.25802612,623581.325222,-111.035401937,97.4567113608,10.9713956929,0.603182386638,80.1268659907,-71.5311485626,3.720089328,r1,0.094121612,-13.04104577,-2.607,-9.453
J00021668-2453494,-1.81,-0.88,0.49,-0.42,0.52,5.74,80.1,-126913.105343,1086.92301914,1213.86481654,1349716.5276,-144.178388876,146.400565583,11.7815432052,0.374834876447,41.6050019784,-78.737130205,4.070598049,r1,0.569517285,-24.89711521,-3.612,-8.09
J00400685-4325183,-2.55,-0.85,0.04,-2.11,0.55,5.03,47.13,-144954.970948,-77.6235170931,172.168384614,763838.838174,-56.7474441064,-10.9518512519,9.2525508548,0.931300342812,310.207602761,-73.5461134264,5.549197586,r1,10.02861763,-43.42181035,3.047,-8.352
J00405260-5122491,-2.11,-0.04,0.13,-0.9,0.86,6.280000000000001,123.25,-156971.867239,33.1076651014,430.129038804,122848.470649,22.4172875714,4.15750620463,8.0203005104,0.975597900704,306.930749651,-65.6650906975,0.148644891,r1,10.22057109,-51.38112504,211.493,-197.324
J00453930-7457294,-2.0,0.93,0.46,-0.18,0.55,7.359999999999999,-31.81,-110883.578621,123.488288242,2073.61080357,3006092.3519,-102.048002052,16.6720272999,17.5514407217,0.526071209365,303.437987937,-42.1641659682,1.618468353,r1,11.41394477,-74.95840313,3.29,-46.994
J01202234-5425582,-2.11,-0.09,0.34,-0.14,0.3,6.23,68.71,-137742.970407,798.952443428,169.722336834,209433.829349,163.539877106,103.023341244,11.2305131698,0.657592862587,293.901286398,-62.1851664954,1.421116914,r1,20.09326195,-54.43283865,33.022,3.871
J01425422-5032488,-2.09,0.07,0.26,-0.51,0.38,6.41,157.57,-141040.285634,-1315.173011,168.347857081,91495.228077,-76.1286548761,-165.686023748,9.0318929406,0.325079588878,283.661011792,-64.6115925395,0.662169164,r1,25.7262851,-50.54731647,60.701,-100.944
J02165716-7547064,-2.5,-0.33,0.0,-0.87,1.12,5.6,-6.05,-112981.621473,1824.95133407,905.189465001,824936.296163,-141.947333822,253.836104078,16.8021388899,0.457397985933,296.201116159,-40.205343355,4.092866948,r2,34.23812535,-75.7851551,-3.367,1.648
J02355867-6745520,-1.55,0.97,-0.39,-0.01,0.5,7.8500000000000005,107.81,-151296.459152,434.177779044,244.284295342,417276.469708,49.3245389898,57.3691823935,8.21522141088,0.684486958302,288.938915827,-46.4211573533,3.569639275,r1,38.99455735,-67.76444938,10.316,-1.194
J02462013-1518419,-2.71,0.04,-0.02,-0.85,1.45,5.759999999999999,278.23,-102878.83265,-1190.82192073,729.792321825,728123.977594,231.283406773,-127.406697411,23.2076725539,0.754502799087,194.926908623,-60.8296418776,2.844816312,r2,41.58400527,-15.31167765,24.394,-11.61
J02500719-5145148,-2.2,1.04,-0.53,-0.14,0.62,7.269999999999999,310.88,-106848.930975,522.650973736,2524.53086953,4290523.81979,-66.9458413409,61.7404000459,17.1008540278,0.309927782563,268.896822011,-56.8050963261,4.782158921,r1,42.52992286,-51.75415258,-1.786,-0.793
J13164824-2743351,-1.61,-0.05,0.25,-0.53,0.54,6.769999999999999,68.1,-122242.276962,-171.177381664,241.935134066,170639.153997,270.720313979,-23.3531668409,16.3529745799,0.951096024983,309.77054533,34.8082838029,1.373636557,r1,199.2006819,-27.72642971,-60.604,-4.294
J14232679-2834200,-1.9,0.43,0.51,-0.68,0.61,6.959999999999999,135.34,-156753.499995,-754.966782033,399.571839227,289109.785347,10.8814835958,-116.53258482,6.60454380382,0.376022060711,326.299413243,30.0908899292,2.238235521,r1,215.8615132,-28.57234864,-19.31,-24.09
J14301385-2317388,-1.4,-0.7,0.06,-0.28,0.62,6.33,430.94,-98149.5039228,-1434.28723987,1402.01265123,1830874.21112,-47.3915364107,-314.243428385,24.561406016,0.651575813862,330.584961709,34.2180624567,5.618555478,r1,217.5576899,-23.29414997,-9.587,-8.145
J14325334-4125494,-2.79,-0.14,-0.39,-0.9,1.61,5.499999999999999,-230.84,-93511.1828582,1080.95824039,837.266793804,460065.590865,325.380553886,147.755999375,28.7758524549,0.837889717263,322.613782212,17.5315866414,0.929149151,r2,218.2219017,-41.43056306,-57.722,-35.39
J15260106-0911388,-2.83,-0.82,0.21,-1.01,1.7,4.779999999999999,-162.38,-120102.243366,-1351.5360593,1114.13044895,1077896.58113,141.790976188,-233.376034746,14.4954232684,0.472720730459,354.238583588,37.8299588645,2.816169404,r2,231.5043583,-9.194256319,-22.713,-28.43
J15271353-2336177,-2.15,0.33,0.38,-0.73,0.7,6.609999999999999,3.81,-153344.805161,625.586210343,394.983711882,100189.613855,55.5409631131,79.4322452652,8.18680177582,0.616861735945,343.141991144,26.8509250926,0.145657931,r1,231.8052105,-23.60538816,-228.893,-96.951
J15582962-1224344,-2.54,-0.14,0.49,-0.85,0.89,5.749999999999999,82.33,-147320.779235,1023.74199679,699.189989733,504471.295845,-49.2534459741,166.090471396,6.79430572242,0.158731517139,358.034611554,29.8290061046,2.118287681,r1,239.6234188,-12.40957171,-8.824,-0.691
J16024498-1521016,-1.8,-0.05,0.27,-0.47,0.55,6.579999999999999,100.19,-139977.298952,1306.22530003,418.55204803,115703.671003,-94.80018229,168.504322227,9.35269111781,0.350278539078,356.330161673,27.0955735836,0.27930005,r1,240.6873257,-15.3505987,-29.101,-32.442
J17093199-6027271,-2.48,-0.45,0.43,-0.75,0.6,5.5,333.97,-116898.137889,-1266.84939241,481.731586001,466415.384611,159.095440826,-291.365061707,16.9250572165,0.646556305511,330.001431529,-12.0020689445,5.340255177,r1,257.383192,-60.45759513,-8.5,-16.509
J17124284-5211479,-2.78,-0.42,0.55,-1.06,0.48,5.23,-27.19,-134882.62476,1138.09772069,755.595522135,589806.589263,-85.6853018991,237.056861078,10.4618291868,0.418811333253,337.12004549,-7.61351653452,3.74649423,r1,258.1784753,-52.19661708,-6.511,5.915
J17225742-7123000,-2.42,-0.33,-0.39,-0.37,1.07,5.68,278.61,-115867.209827,-1312.30072009,1242.26278487,1444571.36418,-1.91195468689,-244.937976494,15.904381047,0.492684400054,321.155668248,-18.9740199803,4.602618539,r2,260.738927,-71.38335657,-18.986,-3.55
J17400682-6102129,-2.24,-0.26,0.47,-0.62,0.31,5.93,249.31,-143856.197632,-570.008927809,1206.34591884,977881.684565,-76.8502109392,-80.1623316611,8.39309968331,0.461742687995,331.50929102,-15.4850460592,1.070086137,r1,265.0283261,-61.0371257,-2.801,-51.085
J17435113-5359333,-2.24,-0.35,0.07,-0.8,0.73,5.84,23.1,-157571.036861,609.50889186,725.026562052,465693.338077,37.190537363,102.740411966,6.33776464302,0.402923719061,338.116676964,-12.5209502299,2.350730247,r1,265.9631037,-53.99267411,3.674,-17.337
J18024226-4404426,-1.55,0.35,-0.27,-0.1,1.05,7.2299999999999995,-226.08,-135871.150473,-169.5582632,631.712215372,399473.55812,280.407571649,-36.641908242,12.0265247253,0.921347453062,348.507116232,-10.5021153529,3.554901284,r2,270.6760641,-44.07858942,-12.573,-17.531
J18285086-3434203,-2.46,-0.58,0.51,-0.82,0.53,5.39,22.73,-177506.501777,352.083237924,169.007457664,151717.651615,-23.8034155332,77.9043339088,4.60565903973,0.51467978628,359.450796928,-10.7562058702,3.543103128,r1,277.2119531,-34.57238434,-2.056,-9.169
J18294122-4504000,-2.48,-0.46,0.53,-0.76,0.7,5.49,-106.79,-159829.248709,623.23742343,235.800302833,295533.342655,121.608593255,148.627447866,6.38847862333,0.445222387269,349.718534571,-15.2622900956,4.072481365,r1,277.4218007,-45.06674075,2.612,-8.545
J18362318-6428124,-2.57,0.1,-0.81,-0.39,0.57,5.959999999999999,15.33,-150760.765791,1072.56252589,415.620409452,270657.732159,11.6506613768,173.353994976,6.37153625095,0.137022922894,330.72260602,-22.7238321066,2.368814801,r1,279.0966506,-64.47016665,4.111,-8.538
J18363613-7136597,-2.52,-0.75,0.38,-0.93,0.56,5.16,-68.6,-145639.100265,1145.58931512,410.740400923,262005.485487,84.180569437,179.102237164,7.82855758888,0.270345017066,323.164333869,-24.4914509938,2.385589272,r1,279.1505512,-71.61666614,-3.516,-11.51
J18562774-7251331,-2.26,-0.48,0.01,-0.33,0.32,5.6899999999999995,177.53,-143345.154021,116.024041509,209.309847147,379348.869189,-216.342426119,21.1368383293,10.243220222,0.932918113007,322.102701863,-26.1983677117,4.30939695,r1,284.1155524,-72.85918145,-5.802,1.47
J19014952-4844359,-1.87,0.02,0.61,-1.17,0.93,6.579999999999999,133.0,-166444.098851,-4.75331509218,277.803185522,216876.681972,-91.612131578,-0.83865342109,6.31070863945,0.99471821685,348.076579919,-21.6775285528,2.589058554,r1,285.4562849,-48.74338894,-5.53,-15.601
J19161821-5544454,-2.35,-0.8,0.6,-1.2,1.08,5.279999999999999,46.66,-159430.06299,716.992237396,278.042749418,360803.699798,-69.4953978273,147.799676973,5.81498328778,0.28587285161,341.259072108,-25.5397740324,3.836517095,r2,289.0759066,-55.74595743,-1.22,-3.144
J19215077-4452545,-2.56,-0.77,0.26,-1.05,0.74,5.1,2.76,-144395.760148,1158.62554061,371.888973725,346579.086355,-50.0920382097,228.586911418,7.80726339908,0.241179554666,353.126645441,-23.9029391605,3.243266137,r1,290.4615413,-44.88179015,-3.414,1.099
J19232518-5833410,-2.08,0.27,0.45,-0.65,0.76,6.619999999999999,126.89,-151877.687893,-85.7511925198,619.135495933,424369.883853,-126.238668656,-13.2067922392,8.36209370134,0.931645706339,338.352308831,-26.9756655635,1.853953929,r1,290.8547397,-58.56147357,-23.412,-16.432
J19324858-5908019,-1.93,-0.51,0.25,-0.25,0.9,5.99,300.76,-118302.699067,281.165100826,1344.6626251,1526535.28346,-274.349404594,60.4698062021,16.3291159036,0.810105393696,337.888826729,-28.2538549306,4.392041296,r1,293.2024406,-59.13389708,1.648,0.08
J20093393-3410273,-2.1,-0.86,0.36,-1.09,1.32,5.469999999999999,27.84,-147524.978586,-600.528316429,394.16496352,604142.433205,-151.118365688,-154.99281574,8.34278679357,0.54969895888,7.31937267668,-30.152676938,4.853420666,r2,302.3914054,-34.17433646,-7.982,-16.741
J20303339-2519500,-2.18,-0.65,0.7,-0.7,0.41,5.6,-56.77,-158417.348443,-671.901611802,458.645998251,473253.263332,-38.3700694313,-126.052858071,5.7823672756,0.278723703099,18.7068713567,-32.157268875,3.431685962,r1,307.6391368,-25.33072146,0.484,-22.423
J20492765-5124440,-2.47,-0.77,0.38,-0.83,0.58,5.1899999999999995,25.57,-160429.072824,379.216119188,232.69216474,545078.252711,-63.0042106508,78.2639544733,6.13999184286,0.552803433542,347.265801235,-39.0362912828,4.235818677,r1,312.3652165,-51.4122676,-3.661,-6.89
J20514971-6158008,-1.87,0.1,0.46,-0.61,0.43,6.659999999999999,-90.89,-141913.663594,1127.34600967,791.241782504,450295.01046,73.6767209072,151.045573643,8.49241406517,0.301655490441,333.880120378,-37.7517681496,0.762197465,r1,312.957144,-61.9670653,-5.909,-33.739
J21064294-6828266,-2.76,0.53,0.38,-0.8,1.32,6.199999999999999,-72.28,-145912.605608,807.870139354,965.537597294,794475.202105,54.1209442114,119.321244079,7.4102010413,0.278494893262,325.463539978,-37.2960137718,1.965002711,r2,316.6789008,-68.47416411,-4.429,-18.376
J21091825-1310066,-2.4,-0.28,0.02,-1.13,1.25,5.75,-35.71,-157647.957066,-100.172355821,637.709551101,447979.732867,-61.8679916695,-14.7867755218,7.21811094563,0.89988173835,36.3902341951,-36.4629481748,1.997016199,r2,317.3260545,-13.16851384,3.183,-28.673
J21095804-0945400,-2.73,-0.45,0.72,-0.89,0.77,5.25,-18.69,-150842.259437,951.051538107,314.212495353,369152.16112,37.5537402306,152.15019237,6.85882046283,0.253299835511,40.2749905026,-35.15385526,3.171188258,r1,317.4918787,-9.761130423,2.188,-5.146
J21162185-0213420,-2.23,-0.98,0.51,-0.43,0.49,5.219999999999999,-5.32,-145244.795701,1220.01118173,257.359557412,263269.460599,-39.0887928603,180.152874041,7.36202391526,0.175921058793,49.1665793735,-32.9126372727,2.613310712,r1,319.0910541,-2.228357362,-4.347,-6.713
J21224590-4641030,-2.96,-0.18,0.24,-0.89,0.9,5.29,-99.78,-144993.781699,440.458340565,939.081690092,1146578.95401,-25.7151362122,80.2844348286,7.83197040067,0.417113162658,352.867985086,-44.9301003777,3.591308461,r1,320.6912805,-46.68424042,-7.329,-9.618
J21262525-2144243,-2.81,-0.88,0.39,-0.6,0.58,4.74,-81.48,-151213.505279,468.890754282,274.733198667,528874.6176,123.637543817,84.0692506873,7.93095478783,0.625108944764,27.8392633057,-43.3371481474,4.032245329,r1,321.6052723,-21.74010026,5.861,-4.888
J22163596+0246171,-2.37,-0.1,0.44,-0.72,0.45,5.96,-98.32,-154548.93778,289.499009113,309.830236586,327108.768356,47.4551106307,39.0079901668,7.92300178178,0.78026760579,65.4638749843,-42.1923346459,2.520697966,r1,334.1498873,2.771337878,8.7,-11.429
J22492756-2238289,-1.82,-0.08,0.82,-0.91,0.48,6.529999999999999,-7.48,-147792.092098,25.2060332077,418.356321186,570732.325451,97.4762646881,3.6400128928,8.95155825686,0.979523651058,35.379338336,-62.0451707524,2.933497163,r1,342.3649378,-22.64142754,14.092,-12.581
J23022289-6833233,-2.64,0.3,0.44,-0.9,0.61,6.09,134.76,-153796.466385,287.650166101,664.936718502,396887.074104,51.1179056036,38.4901318958,7.92426145864,0.773402451666,316.763285566,-45.5317348113,1.066313925,r1,345.5957579,-68.55657469,30.812,-20.342
J23362202-5607498,-2.06,-0.05,0.76,-0.9,1.14,6.3199999999999985,209.61,-132636.764128,331.909981818,1280.106398,1885019.92494,-46.8153694495,58.7177423664,9.76819382991,0.321623757346,322.720021675,-58.0195826553,6.523162311,r2,354.0918005,-56.13049987,3.336,-1.968
CS22876-040,-2.21,0.39,0.29,-1.0,1.1,6.61,-191.0,-122879.229758,876.092986089,1553.2264014,1849406.32073,-77.6062435187,114.865335529,13.0073242208,0.417339459204,354.720895141,-77.7412730444,1.763947541,r2,1.2185281,-34.22712106,-5.307,-18.905
HE0007-1832,-2.79,2.78,0.04,-1.66,1.7,8.419999999999998,26.4,-150073.267935,180.691820936,629.494863194,551949.168681,-56.0162212685,22.9551768753,8.44985329404,0.851438170872,73.5532953973,-76.9609489395,2.24679489,r2,2.469951765,-18.27016473,6.417,-20.399
HE0013-0257,-3.82,0.22,0.7,-1.83,0.67,4.83,47.93,-139119.29952,576.984710852,713.327719506,676152.157452,90.0853862332,69.4108679846,10.3984074044,0.659653276766,102.327429413,-64.1325355846,2.574821754,r1,4.017723542,-2.684802042,13.561,-9.876
HE0013-0522,-3.24,0.42,0.68,-1.85,0.96,5.609999999999999,-173.49,-140511.001077,-480.548957182,924.701502745,717745.039887,126.816967665,-58.8944774355,10.0934812962,0.690243497183,100.669965504,-66.4463046524,1.759534471,r1,4.117242442,-5.097835933,29.366,-14.425
CS30339-015,-2.86,0.48,0.45,-1.64,1.07,6.050000000000001,111.0,-132651.922847,-1022.85077757,741.187371935,601487.163816,129.939407405,-132.069335056,11.5364600181,0.52553480422,348.85618053,-80.0205393945,1.501872115,r2,4.242420649,-33.80505111,43.75,-33.912
HE0015+0048,-3.07,0.62,0.11,-1.93,0.76,5.979999999999999,-48.8,-134079.598888,977.864085318,732.007191454,679099.679942,-122.186461202,113.816265204,11.0331537172,0.505265113307,105.686410388,-60.6625258972,3.355722498,r1,4.505944521,1.085542055,-2.533,-11.842
CS22882-006,-2.66,0.19,0.67,-1.53,1.11,5.959999999999999,-72.0,-144361.073917,-899.571973731,547.195521986,379593.90597,-73.1953916836,-114.581073005,8.9160250819,0.469640328633,11.1778802998,-83.1047223363,1.265848994,r2,5.499498259,-29.49093922,17.781,-56.015
CS30339-052,-2.67,0.69,1.14,-1.08,0.57,6.449999999999999,33.0,-131013.952636,1735.50201276,406.608779625,312294.517795,-14.4610893518,223.608172372,8.91619439042,0.0660030970934,342.499605518,-80.6902742464,1.549162114,r1,5.708959794,-34.12247321,0.657,-0.671
CS30339-046,-2.69,2.63,-0.02,-2.06,1.52,8.37,14.0,-139582.884574,1062.1912522,562.892724321,713843.984462,-47.0208675637,144.207573592,8.70543565602,0.292446499467,331.829971173,-79.1148087113,3.858394728,r2,6.340319327,-36.50684511,0.863,-4.855
CS29497-004,-2.81,0.18,-0.49,-0.45,1.61,5.799999999999999,105.1,-124550.252455,1322.47255741,733.819064377,822588.385293,113.13116253,169.775637347,13.1850664611,0.459029703593,43.2877728732,-84.6765454215,3.154662107,r2,7.028860122,-26.05118409,9.473,0.392
CS30339-069,-3.17,1.07,0.01,-1.79,1.67,6.33,12.0,-153386.161962,-156.665718672,171.417519531,271421.756254,68.3397647856,-20.2329904673,8.33955404686,0.887496489784,328.671758726,-80.0983856975,1.759962984,r2,7.566629484,-35.94765687,23.304,-21.539
CS22882-030,-3.14,0.54,0.57,-1.81,1.5,5.829999999999998,25.0,-146059.594937,774.908214782,171.26929805,255162.151642,94.6337902277,98.8165624936,9.11136833753,0.567240543352,356.832921045,-84.3642393651,1.612545495,r2,7.583693144,-30.3495749,20.848,-7.962
CS22882-012,-2.75,1.11,-0.05,-0.62,1.24,6.789999999999999,10.0,-147869.918853,77.6604703479,21.292540864,212625.245252,125.166692819,9.83869405031,9.55147246888,0.953849330541,26.0745003701,-85.301016324,1.451405912,r2,7.593961503,-27.59097054,33.349,-17.802
HE0057-4541,-2.4,0.49,0.33,-0.61,0.55,6.52,13.4,-130677.644742,-247.441133292,192.278589087,734289.5026,-162.256158466,-33.4418519558,13.0072138665,0.879159491895,298.165407762,-71.634143696,4.883060228,r1,14.99699386,-45.41489466,0.164,-12.662
HE0105-6141,-2.57,0.23,0.2,-0.38,0.51,6.09,-2.0,-143080.626024,1018.57474537,493.300626536,451989.267394,-62.4307096619,136.779165997,8.64166652742,0.371658627106,299.505164893,-55.5987555792,2.297684213,r1,16.90772772,-61.42162555,2.536,-10.115
CS29514-037,-2.47,0.19,0.71,-1.38,0.76,6.149999999999999,-31.0,-154739.108658,189.259443537,424.609337829,228217.516433,-2.20752725537,23.4063362676,8.15805171691,0.864240239418,214.067083187,-83.2663300908,0.881433241,r1,20.42389933,-27.05887104,32.029,-39.157
CS29504-006,-2.91,1.59,-0.38,-1.34,1.75,7.109999999999999,-90.0,-111201.543116,2315.38315305,748.877791122,467194.627387,-1.33238301289,288.335603992,16.3780794068,0.340087560077,262.466211139,-77.3580515194,0.957665669,r2,23.02067714,-36.37854199,-2.09,8.9
CS22958-042,-2.99,2.56,0.69,-2.15,1.54,8.0,151.0,-157116.421315,-179.957317209,134.241972015,125391.729009,16.5942782099,-22.8560160847,7.94831515673,0.871977583744,285.444868584,-57.4161658117,1.001749829,r2,30.28124652,-57.28312208,36.367,-25.002
HE0240-0807,-2.86,-0.37,-0.27,-0.58,0.76,5.200000000000001,-98.8,-117883.971905,1849.28317064,925.634617581,923256.806448,-68.3665440961,179.6710988,13.9086588411,0.30866551073,182.074671958,-57.3459774589,4.251158982,r1,40.74053069,-7.909838161,1.578,-2.162
CS22963-004,-3.85,0.51,-0.34,-1.98,1.37,5.09,294.4,-83205.7676118,-126.50932089,111.734272702,386163.639464,335.895164839,-12.8082839576,36.1115982534,0.985373280102,181.817557073,-52.7537630804,3.102755584,r2,44.19414144,-4.854851003,21.712,-2.666
CS31078-018,-2.85,0.45,-0.33,-0.55,1.14,6.029999999999999,81.74,-140471.060159,1005.48842067,221.341906705,153436.815628,89.8970115435,111.674492356,10.1813668371,0.533066846214,170.900998398,-44.1988144247,1.415889471,r2,45.25293572,6.275458149,17.35,-10.216
HE0300-0751,-2.27,0.06,0.25,-0.78,0.76,6.220000000000001,155.5,-130301.894322,493.424758599,616.158655856,647141.377992,99.4246840217,47.2327106344,13.0604553037,0.783004525968,187.092631462,-53.2555659164,4.113839678,r1,45.7669845,-7.661799494,7.235,-5.685
HE0315+0000,-2.73,0.14,-0.21,-0.34,0.64,5.84,-120.8,-112705.890618,2000.68092747,1306.76676252,1314496.87051,-61.1383778518,185.462575959,15.210108008,0.287117594637,181.139243738,-45.5170843971,3.978799348,r1,49.4125566,0.184609831,3.571,-0.223
CS29526-110,-2.19,2.37,-1.85,-0.04,2.18,8.610000000000001,208.35,-133419.258898,-955.105204615,1342.55921864,1160924.57849,-85.6017582416,-114.387060578,10.0886107758,0.349494521729,215.106560605,-54.5088145436,0.728941209,r2,51.93196396,-23.00870369,28.329,-90.456
HE0337-5127,-2.62,0.12,0.16,-0.66,0.59,5.929999999999999,75.4,-139985.877022,987.215894781,490.205171305,557541.600654,30.0746194333,112.571351468,9.41998848349,0.424792642548,262.041764464,-50.3296616916,4.154264433,r1,54.80473706,-51.3045321,6.745,0.22
HE0341-4024,-1.82,0.22,0.13,-0.81,0.68,6.83,211.8,-147540.01222,-242.924174691,173.873862818,75957.0836706,129.733224239,-29.7365698357,9.7981634973,0.873147923722,244.579408571,-52.3733379023,0.61848289,r1,55.78410859,-40.25818123,73.464,-5.635
CS22177-009,-3.37,0.94,0.03,-1.98,1.53,5.999999999999999,-193.0,-100185.707543,934.462110135,1230.30873797,1038779.50073,-265.878693793,110.916794927,24.6510675796,0.800165730968,221.74241179,-46.168679067,0.806382415,r2,61.91947653,-25.04581275,22.238,-61.673
HE0411-3558,-2.65,0.7,0.045,-1.91,1.09,6.479999999999999,183.0,-131432.782746,105.198728382,812.5017122,616784.945656,175.732149295,11.4590159687,12.9802414935,0.950246805854,237.502888963,-46.6022225269,2.80498146,r2,63.2878437,-35.84410491,19.091,2.544
CS22186-002,-2.5,0.06,0.17,-0.74,0.65,5.99,341.8,-126007.858899,-940.455034168,487.892692374,255269.659886,199.66087034,-112.151569027,14.4016469913,0.697426700551,238.864039439,-46.4844401317,1.022124833,r1,63.48865242,-36.77370142,49.798,-0.908
CS22186-017,-2.9,0.25,0.74,-2.12,0.91,5.779999999999999,293.0,-106777.678577,-466.595844709,276.244179181,94717.0348831,308.714344294,-56.3117836596,22.4019980197,0.913087125686,235.344912044,-45.8328363908,0.697355279,r1,64.09327282,-34.29920552,91.781,34.544
CS22182-033,-2.47,0.31,0.51,-0.87,0.58,6.27,237.0,-135259.69888,-819.528644727,513.710972827,300125.19599,150.249662044,-92.4653906547,11.7175338669,0.656289286109,230.450582689,-43.9374761576,1.763952796,r1,65.79383399,-30.61785973,33.68,-6.789
CS22186-025,-3.0,-0.45,0.01,-0.56,0.53,4.9799999999999995,-122.35,-97058.5694634,1691.10949874,1028.81572161,1192931.61099,-184.664288373,154.949128981,25.3748636082,0.663803144643,239.548993018,-44.3897435937,6.163592694,r1,66.13667404,-37.15071456,2.703,-3.489
HE0430-4901,-2.72,0.05,-0.36,-0.69,1.15,5.76,208.7,-142192.954629,592.316544827,544.668715133,419446.009162,91.3593424331,68.8625606715,10.0494354697,0.677609986544,255.750206732,-42.7655654711,2.389227169,r2,67.87978535,-48.91151241,7.281,4.822
HE0432-0923,-3.19,0.2,-0.09,-0.57,1.24,5.4399999999999995,-66.5,-118111.885584,1734.73404052,899.886450435,755507.491182,-89.309306588,151.101328288,14.7071917555,0.405140455088,205.268892228,-34.6040517606,4.527340885,r2,68.60698143,-9.280709042,4.169,-2.509
HE0442-1234,-2.41,-0.65,-0.03,-0.7,0.51,5.369999999999999,231.8,-126723.237237,-1338.25938379,827.234218106,664226.240729,57.2057510038,-118.76027064,12.587210809,0.447488856205,210.090208809,-33.6710746028,4.336165332,r1,71.21547308,-12.4793661,7.924,-11.727
HE0516-3820,-2.51,0.4,0.23,-0.59,0.62,6.32,153.5,-142300.93175,905.21679643,329.184501446,274627.34358,29.2519362781,96.4310264923,9.69348002706,0.533663466183,242.557735625,-33.9810817334,2.959628848,r1,79.553856,-38.29241984,3.805,-0.342
HE0538-4515,-1.52,0.11,0.41,-0.65,0.5,7.02,59.2,-140218.210644,1356.52726767,426.637133731,202144.044234,27.287199695,159.728247792,8.65607793913,0.250832886299,251.42796363,-31.1002710863,1.489535255,r1,84.94228039,-45.22582971,10.673,6.025
UMa-S1,-3.1,0.78,0.68,-1.93,0.63,6.109999999999999,-124.5,-125898.025875,1724.49344812,441.294519733,299350.691188,-87.1936347009,176.046408278,12.1459152203,0.333557549487,152.507101168,37.2641123647,2.483224777,r1,132.4727769,63.13934684,1.688,-1.632
UMa-S2,-3.23,0.55,0.21,-1.66,0.56,5.75,-110.6,-127046.689695,1728.03009099,392.871198074,279256.657714,-75.2190483088,175.622972987,11.6515928996,0.30421372521,152.484358843,37.570273634,2.553388397,r1,133.1396383,63.08363181,1.626,-2.02
HE1012-1540,-3.76,2.4,-0.11,-1.88,1.6,7.07,225.6,-132675.880048,399.568043911,407.754468251,122246.065707,211.835859691,49.4517855209,13.1555140336,0.85684085278,256.847339171,32.5906861866,0.384837916,r2,153.7223564,-15.93131553,-102.32,28.13
HE1044-2509,-2.89,0.48,0.15,-0.74,0.92,6.02,386.7,-126770.095613,-1424.91394835,1303.62204244,1225128.14241,-64.3035468452,-168.350020178,10.2338516865,0.153085118809,270.569112413,29.5355034802,3.269354715,r1,161.8186741,-25.42177354,3.41,-7.287
HE1127-1143,-2.73,0.5,-0.23,-0.49,1.06,6.199999999999999,228.5,-141751.040385,52.9472176858,1169.0460371,1163899.38573,-63.7738798038,6.43996972538,9.39761367472,0.904670313074,273.454335561,46.1459183122,3.519678095,r2,172.4609491,-12.00351528,0.098,-4.817
HE1131+0141,-2.48,0.08,-0.23,-0.39,0.87,6.029999999999999,267.7,-134946.03481,-149.068056183,1113.28508828,1228812.94944,64.9115881521,-17.7641753689,11.1277169846,0.830011525345,264.068270325,58.356675602,3.503341619,r1,173.633858,1.41157413,-7.127,-6.175
HE1150-0428,-3.21,2.4,0.31,-1.9,1.41,7.62,46.6,-141682.031979,316.444250963,161.288090183,483676.109469,-113.029410314,39.3875380394,10.3660125362,0.8194742694,276.891210044,55.144256554,3.799793904,r2,178.2775357,-4.751013607,-0.364,-10.628
HE1219-0312,-2.96,0.0,-0.24,-0.74,1.39,5.47,163.6,-147896.785926,3.83537816018,694.123361225,734039.357149,-68.7331247738,0.50393975416,8.64219286076,0.996144925782,288.533169973,58.5565277402,3.677455036,r2,185.3922504,-3.47771445,-2.809,-8.801
BS16929-005,-3.15,1.72,0.4,-0.79,1.14,7.0,-49.0,-142890.477574,789.013968827,526.612662755,537751.219786,81.1990716261,97.619924019,9.23784691652,0.516758535718,102.56830975,82.7929042581,2.762780473,r2,195.8727562,33.8525498,-10.928,-4.156
HE1311-1412,-2.91,-0.2,0.15,-0.63,0.52,5.32,207.0,-141623.630799,-456.073879594,376.042807204,868489.069701,88.5524191845,-74.9739988426,9.54637619081,0.646690557455,311.00709615,48.048853235,6.734681591,r1,198.4249582,-14.47354041,-7.442,-4.975
HE1311-0131,-3.15,0.33,0.22,-1.33,0.71,5.609999999999999,124.0,-128508.153087,-645.478210418,266.264687083,447441.130609,203.930604867,-90.0048027809,13.7249741036,0.760185399485,314.317587733,60.5910020665,2.582783731,r1,198.4250364,-1.787673373,-30.209,-9.945
BS16543-097,-2.48,1.36,0.65,-0.54,0.97,7.309999999999999,-25.16,-147906.97293,-775.505939996,314.542961877,419643.184973,51.8942129795,-102.31956308,8.26506486641,0.482021024934,0.301723181103,80.3260010671,2.503872523,r1,201.61716,21.64515195,-20.669,-19.735
Boo-1137,-3.66,0.26,-0.77,-1.09,0.54,5.029999999999999,112.0,-126175.46634,1492.17044546,1086.59496007,1116969.01266,-49.1732711624,213.305959129,10.6363556078,0.182650382165,357.052195143,69.8050891807,2.914359052,r1,209.6408871,14.35235374,-0.742,-0.922
HE1430+0053,-3.03,0.25,-0.54,-0.85,0.71,5.65,-107.4,-142816.604854,-604.743191425,713.902127124,645968.310089,158.882503878,-94.3277540816,9.43023848927,0.604277821043,349.912151331,53.9903944988,2.755902143,r1,218.318794,0.68018128,-23.168,-14.932
CS30306-132,-2.5,0.47,-0.02,-0.52,0.74,6.4,-106.18,-142017.530062,944.629195223,464.083761803,458962.558091,134.130910033,149.233785781,9.21935704419,0.452042896697,9.43469693888,50.859274032,2.691991699,r1,228.5787902,7.450750163,-9.054,1.143
CS30312-059,-3.15,0.35,0.14,-0.68,0.56,5.629999999999999,-152.21,-146723.911739,-587.997993186,368.292929121,409328.177016,166.386464783,-101.115350086,8.9957945166,0.634071960839,3.65892691128,41.4510840384,2.923238339,r1,233.7034016,-1.393758141,-21.554,-11.977
CS22884-108,-3.18,1.385,0.225,-1.71,1.615,6.635,-27.0,-147287.832066,1227.38352813,153.911638431,70138.5090554,32.880034344,167.8596575,7.53874405543,0.235774602268,359.192841056,33.5020695451,0.825208031,r2,237.4898347,-9.2359209,-17.442,-6.691
Draco3150,-1.89,-0.43,-0.12,-0.75,0.88,6.11,-280.42,-134433.29448,14.4193691225,1393.0751174,1585812.2671,2.91807960106,1.60866842574,10.5522903337,0.603803003542,86.3029028714,34.8051064759,5.5919547,r1,259.901282,57.85689446,0.07,-0.151
CS22891-200,-3.92,0.58,-0.42,-1.95,0.89,5.09,137.7,-140455.52187,311.971796489,396.358298834,575971.506075,-229.636804869,71.4489745258,10.5217680163,0.816520561916,335.005950293,-28.8019021183,5.120297289,r1,293.8294446,-61.70676742,-5.024,0.754
CS22896-154,-2.7,0.31,0.18,-0.39,0.84,6.04,141.0,-155752.812324,-894.962264489,231.644550731,277685.294074,-32.9654920062,-155.811451138,6.13654488691,0.223819082891,340.486724322,-29.300037996,2.816377491,r1,295.6119772,-56.9762358,-9.747,-24.965
CS22885-096,-4.21,0.6,-0.11,-2.32,0.68,4.819999999999999,-249.1,-135631.615656,303.11556076,1271.53193918,1601786.8577,159.056968892,69.5163760858,9.75717332834,0.451389167193,1.26306806388,-33.5142332548,4.367350164,r1,305.2131958,-39.89176181,-4.434,-6.91
CS22943-137,-3.39,0.64,-0.97,-2.13,1.48,5.68,-20.0,-159099.311133,545.940294159,435.39802496,299781.074824,-22.7761712903,83.6571849544,6.73587134046,0.533358538444,357.693477962,-34.9780646365,1.800821393,r2,306.6208162,-43.01192103,-9.054,-16.393
CS30336-049,-3.95,-0.2,-0.03,-2.31,0.81,4.28,-236.6,-139729.250333,-387.258023053,786.117421543,1318151.61593,-34.5885403214,-158.612594679,9.10559980765,0.492652030833,15.8574734911,-36.2539525307,8.194460711,r1,311.3480471,-28.71001086,-1.685,-8.132
CS30492-001,-2.35,0.22,0.42,-1.02,0.84,6.300000000000001,-132.0,-150638.360258,-53.3105897023,357.469730506,175065.254157,146.683176193,-7.39918342741,9.07061291828,0.966322879596,359.312805802,-42.1708807645,1.07284369,r1,316.4802383,-42.16967375,15.638,-47.627
HE2123-0329,-3.22,0.4,0.62,-1.43,0.58,5.609999999999999,-217.65,-158276.204838,-299.853366439,441.171982927,456139.859465,2.7828804384,-45.7226568297,6.92696799327,0.707407538992,49.6115724307,-35.5484080443,3.39090965,r1,321.5373225,-3.283044247,-0.634,-11.109
HE2138-0314,-3.29,0.78,0.75,-1.86,1.01,5.919999999999999,-373.5,-114881.33359,-191.67104411,1981.21975397,2686851.12633,175.805814717,-27.4520209569,16.0539543683,0.521323275264,52.3030197199,-38.4867400892,2.485842205,r2,325.1733156,-3.021384353,0.117,1.243
CS22944-032,-3.0,0.39,0.5,-1.39,0.65,5.82,30.0,-138754.211009,-111.207309733,701.874775662,440438.390106,-197.928989802,-15.3510078331,11.2459523786,0.94161827665,40.905721204,-45.1755381336,1.478904311,r1,326.9300578,-13.6732441,-9.507,-46.408
HE2155+0136,-2.07,-0.04,-0.11,-0.59,0.68,6.32,-248.2,-151970.231968,-286.558443097,595.742885119,408674.691576,96.3521378751,-39.0306102413,8.26185766269,0.785185327934,60.5344175043,-39.1322317625,2.080380829,r1,329.4064989,1.838879793,8.623,-10.21
BS17569-049,-3.0,-0.06,0.26,-0.56,0.68,5.369999999999999,-203.0,-150587.754423,140.191490108,751.441408657,761434.451107,37.528744562,19.4563668753,7.96027698515,0.845963987254,64.2147835561,-39.1764483813,4.270873877,r1,331.2431709,4.025576358,0.446,-3.931
HE2206-2245,-2.73,0.17,0.21,-0.76,0.6,5.869999999999999,-210.5,-148554.091645,-295.765013483,897.656186248,971387.000476,99.0646725472,-47.9680484283,7.77846019498,0.61413536757,30.9630268192,-53.0436243161,3.774007092,r1,332.2893152,-22.50455701,4.683,-10.83
CS22960-048,-3.78,0.47,-0.41,-2.14,0.55,5.120000000000001,-85.0,-147244.411642,-235.118219837,807.67287292,1045321.75089,-28.7246389267,-40.7041100307,8.02482752933,0.655039123356,352.054474603,-54.451342466,3.876479328,r1,334.2565027,-45.20478133,-2.654,-15.949
HE2216-1548,-1.7,-0.42,-0.09,-0.33,0.57,6.31,-271.0,-131025.122906,134.327282432,1578.13122464,2188383.74511,69.8025052311,21.4756602069,9.00382622842,0.151477234172,43.2084831992,-52.948150888,4.664396724,r1,334.8765031,-15.56011555,-0.847,-4.161
CS22886-043,-2.4,0.25,0.47,-0.5,0.78,6.279999999999999,-61.0,-148044.562318,666.44939147,443.216664588,718597.094619,24.2542163763,102.676574512,7.69407850435,0.423612337629,51.4338475678,-51.1211953929,5.184578387,r1,335.6407831,-10.23585089,0.705,-4.541
HE2224+0143,-2.58,0.31,-0.2,-0.51,1.04,6.16,-112.3,-155384.449845,434.780701927,111.099932381,273345.6158,14.9296654447,58.0492223589,7.71416145848,0.680498579919,67.1289651681,-44.7283606794,2.506148513,r2,336.8463573,1.975807543,4.073,-10.241
CS29491-069,-2.51,0.28,-0.03,-0.73,1.05,6.199999999999999,-375.5,-88338.3814803,-1351.31049338,2268.54184102,3498857.29295,164.187048361,-195.642824168,29.8009282052,0.636997043777,14.0145244416,-59.2143482649,2.211896897,r2,337.7591594,-32.64362901,10.055,-34.609
HE2242-1930,-2.21,0.05,0.21,-0.69,0.54,6.2700000000000005,-22.5,-119849.621598,1584.76212891,707.978379628,756081.659383,-113.473251889,231.1781035,14.4509330078,0.440043148722,41.4000250292,-60.0485009041,3.287908289,r1,341.321627,-19.24772702,-9.536,-3.779
HE2244-1503,-2.88,0.11,-0.5,-0.54,0.94,5.659999999999999,148.1,-87196.3652429,2493.85521468,1183.29349275,1221744.56247,30.268845987,356.317474311,30.5507657579,0.613892295116,49.7657711494,-58.6481658102,3.36104176,r1,341.8576315,-14.79170637,-0.635,4.435
HE2252-4225,-2.63,-0.34,-0.36,-0.53,1.12,5.46,-333.7,-84962.8151312,889.640147057,2445.131429,4490888.57021,126.948952254,158.240497891,32.0572065417,0.653113211806,352.995353415,-61.9374973679,5.109111541,r2,343.7440335,-42.15540337,0.546,-4.144
HE2252-4157,-1.93,-0.19,-0.13,-0.28,0.52,6.3100000000000005,-94.5,-138157.744386,966.408742541,861.077254871,956078.400092,-36.9019029514,147.563681675,8.82556672208,0.288893210048,353.818415608,-62.2183884421,3.135117884,r1,343.8925733,-41.69147986,-3.372,-7.244
HE2301-4024,-2.11,0.26,-0.34,-0.53,0.97,6.58,-221.7,-115329.128199,-697.054313756,1819.13870053,2647024.75546,-24.4684975607,-102.307638754,15.3268850608,0.431572610942,355.63292532,-64.3214613414,2.747937596,r1,346.0584157,-40.13907914,-1.299,-28.027
CS22888-002,-2.91,0.5,0.81,-1.55,0.96,6.02,41.0,-156137.21742,170.314018603,167.434062053,122174.453075,-73.5232138981,22.280906476,8.12859671806,0.88223403289,3.33881746346,-65.5096623116,0.860442781,r1,346.1551632,-36.66630443,4.591,-52.956
CS22949-037,-4.2,1.16,1.09,-1.29,0.69,5.39,-125.4,-135656.201619,759.990041877,1029.98739343,1244422.98636,60.5014731265,94.6213276768,9.69217836455,0.382655118386,79.5740977202,-58.1976756643,5.811310207,r1,351.6242048,-2.666129328,1.742,-1.831
CS22941-012,-2.01,0.09,0.28,-1.71,1.72,6.51,-138.0,-142627.772835,802.757498127,1131.37896803,895157.901971,-12.303893589,103.180335882,8.19822387619,0.333318955647,10.3292184948,-71.1966661821,0.693673609,r2,352.1238686,-32.81309038,0.26,-39.6
HE2327-5642,-2.78,0.09,-0.4,-0.67,0.97,5.74,282.1,-123079.779104,-575.375923274,1247.53227777,1767083.50645,70.6182815234,-91.142801276,13.7454095406,0.561872979046,323.642338956,-57.3215446603,4.215490552,r1,352.6546381,-56.43736649,12.569,-8.692
CS30315-029,-3.4,0.0,-0.43,-0.52,0.67,5.029999999999999,-169.2,-131805.570155,443.69481471,958.413744922,1381502.789,-54.1751329703,65.4081202185,11.4831261897,0.605811243079,29.9452669535,-72.8484051697,4.911932658,r1,353.6112281,-26.70392229,-1.145,-7.462
HE2356-0410,-3.035,2.48,0.065,-1.835,1.04,7.875,-61.5,-135508.716295,-641.169121218,1106.31148125,1057619.54347,-130.556378879,-78.5355345871,10.5845061987,0.553724603696,92.4387611,-63.6333605056,2.979610303,r2,359.8047796,-3.896833928,5.134,-24.651
CS31082-001,-2.88,0.21,-0.52,-0.39,1.52,5.760000000000001,139.09,-125481.889551,-835.002310661,1727.56759066,1997827.56106,-103.970805871,-99.2389684445,11.3552948675,0.286832070727,163.339558921,-75.8031121644,1.758394477,r2,22.37976566,-16.0128218,11.745,-42.709
G84-29,-2.86,0.36,0.31,-2.02,1.76,5.93,175.28,-150107.012683,207.843735429,138.781390207,13716.4687336,118.676653229,25.5006811115,9.41821979765,0.887547049232,195.714353672,-22.1949516468,0.168750905,r2,75.31993137,4.109654043,155.206,-146.402
BD+173248,-2.0,-0.31,-0.49,-0.28,0.89,6.119999999999999,-146.02,-158536.946592,-14.5659043545,444.77268767,164371.45237,43.0364876772,-1.9475262055,7.67295608344,0.988261124374,40.1780974057,26.0133713901,0.778349571,r1,262.0600726,17.50986139,-47.746,-22.412
BD+241676,-2.54,0.46,0.65,-1.05,0.61,6.3500000000000005,-235.8,-101080.135439,-229.134020492,43.7242731498,3424.64532823,-333.66477344,-27.8363586145,25.2976002132,0.963476164105,194.934419907,18.939245133,0.253015322,r1,112.6727085,24.08517627,162.263,-233.306
BD+44493,-4.26,1.2,0.33,-1.81,0.93,5.369999999999999,-147.93,-153842.648603,422.309495449,469.842729928,138186.981448,-39.0504189636,51.7918864633,8.31034916826,0.732258390796,140.135157318,-14.6988302274,0.206036722,r1,36.70796539,44.9627852,118.359,-32.229
G251-54,-2.07,0.09,1.19,-2.5,0.56,6.449999999999999,5.48,-115499.691779,-803.754927447,1787.95355436,1997172.16804,159.128152917,-98.7524614915,16.2652884523,0.558104848028,133.915075198,30.1368869938,0.229776468,r1,122.7793582,79.90662781,136.74,-367.648
CS22191-029,-2.5,0.25,0.48,-0.7,0.54,6.18,70.0,-114694.856416,811.203784199,2296.30334011,3317618.31032,101.597966949,75.9046131156,13.3005052027,0.185732439854,242.643989962,-39.9881555439,5.621303928,r1,71.92705237,-39.12400969,10.507,1.861
CS22871-104,-2.06,0.82,0.82,-1.17,1.03,7.1899999999999995,-162.0,-126395.154184,570.000778531,303.135065184,228518.486577,263.828332751,87.609013777,14.7376804204,0.818839916137,337.093505739,34.0191723049,1.998509405,r2,222.7210732,-20.81051347,-29.556,-5.907
CS22874-123,-2.61,0.72,0.33,-1.54,1.41,6.540000000000001,95.0,-158560.126149,266.879172127,241.601543755,121766.906097,-75.0754981036,37.4139704636,7.65590351892,0.805925992024,334.445138494,31.2292652634,1.139752852,r2,222.2405289,-24.35446289,-12.302,-31.524
CS22877-015,-2.0,0.28,0.1,-0.43,0.85,6.709999999999999,97.0,-157997.916911,294.293817918,236.57810063,98723.2676536,11.2812417098,38.011618536,7.77783171671,0.793916505114,312.151104288,53.2097149119,0.655024206,r1,198.4383775,-9.262112052,-42.555,-35.27
CS22877-051,-2.77,0.6,0.56,-1.66,1.15,6.26,276.0,-138075.785413,-560.121621684,1454.68482658,1473115.20288,11.9283119914,-74.4231937422,8.47328034583,0.274661600835,315.041930096,49.5289203504,1.06628041,r2,200.8795523,-12.58702505,-43.079,-15.402
CS22879-012,-2.81,0.36,0.77,-1.45,0.94,5.979999999999999,-40.0,-138767.846442,1059.24819896,621.994167315,411464.112334,123.716707197,154.703853319,9.92298369224,0.452595050913,0.371181613434,-36.7542640755,1.439181724,r1,309.308611,-41.04269814,23.437,-13.705
CS22879-051,-2.85,0.94,0.62,-1.87,1.33,6.52,-25.0,-156551.881661,-756.878243171,98.6785216499,89423.8454662,21.0464272118,-105.105009881,7.27582706448,0.480995622689,2.6748265407,-37.5858552296,1.009293566,r2,310.6519909,-39.30847639,1.062,-70.636
CS22879-094,-2.81,0.29,0.91,-1.48,1.08,5.909999999999998,37.0,-156535.419654,-591.414489247,596.284829597,461034.203334,1.12390793587,-92.3925434662,6.65601136409,0.452413927138,3.6273743672,-38.9760595767,2.061857673,r2,312.5348474,-38.7156531,6.436,-33.889
CS22881-032,-3.1,0.77,0.53,-1.96,1.66,6.1,-35.0,-144049.380201,1231.35547448,381.460771713,360576.817085,25.9703423215,184.151785769,7.08966199813,0.110224068232,359.542327938,-52.8529488972,2.175021194,r2,330.7524634,-41.24064559,2.367,-4.361
CS22881-039,-2.79,1.46,0.62,-1.59,0.99,7.1000000000000005,74.0,-154627.997581,5.6306392085,503.135475738,908926.666032,-57.418089367,1.20517024536,6.84712518723,0.987856311538,0.562959208561,-54.2082742936,5.690780134,r1,332.3976243,-40.43092062,1.222,-8.501
CS22881-070,-2.73,0.63,0.47,-1.53,1.06,6.33,-120.0,-128106.265825,1587.83908052,760.421335787,543073.39645,93.7407193037,223.315038295,11.1769179753,0.287036443853,359.640504436,-55.469409109,1.569576052,r2,334.1544295,-40.73501186,5.82,-0.161
CS22884-020,-2.27,0.37,0.66,-1.31,0.94,6.529999999999999,19.0,-153588.776869,-971.356628455,171.619037084,147135.45394,-1.43654855576,-141.642783568,6.91264398269,0.302671001871,356.622600076,36.7977506081,1.429313194,r1,233.5932547,-8.561340671,-37.821,-40.07
CS22885-040,-2.6,0.58,0.21,-2.04,1.16,6.41,58.0,-140870.59339,774.331985565,616.450629516,421788.769021,-150.034746398,116.239024722,10.0605101204,0.590735173017,3.26198838109,-32.6844852899,1.593356062,r2,304.5329953,-38.09928125,-23.947,-12.377
CS22885-203,-2.57,0.21,0.38,-1.47,1.01,6.07,-32.0,-157054.586826,293.828779306,428.994016938,179272.839191,65.0152279588,40.0286985118,7.77153698563,0.786894894092,4.23276685119,-34.9838211774,0.807398676,r2,307.5804111,-37.70498072,19.759,-52.392
CS22888-031,-3.41,0.92,0.1,-2.2,1.79,5.9399999999999995,-126.0,-135566.563705,309.030807375,517.160509987,261225.554621,207.88994169,40.3434112683,12.2410012789,0.871123848386,5.38844994485,-67.1746002072,0.880503217,r2,347.8856279,-35.44536089,56.625,-27.42
CS22889-050,-2.84,0.76,0.26,-1.54,1.22,6.35,233.0,-105431.07758,419.226199394,2151.02683313,3193066.2581,115.167177285,56.6719510754,20.0887600541,0.564110485727,324.315610073,50.8270516251,1.200268116,r2,206.375238,-9.786336983,-47.672,18.013
CS22896-115,-2.72,0.38,0.53,-1.33,0.77,6.09,1.0,-135941.623543,-1327.81672777,1014.23769534,703744.87334,34.4361396901,-181.282848926,8.20873586859,0.105929280312,345.05978362,-27.7119058836,0.79225857,r1,293.7707305,-52.78702063,-56.034,-101.545
CS22898-043,-2.8,1.2,0.48,-1.45,0.73,6.829999999999999,113.0,-145577.085433,617.338444181,904.629799525,903889.520025,-127.045101889,109.612628349,7.95901312035,0.418370280814,26.3445430126,-39.8405420262,3.642670812,r1,317.6531932,-21.74777256,-0.944,-11.797
CS22940-121,-2.5,0.25,0.23,-0.44,0.58,6.18,-3.0,-150481.704715,86.7031505641,704.350673902,898281.017602,-65.6403275823,16.3186098233,7.74351416379,0.87455089594,338.699330287,-38.9842625278,3.866571562,r1,313.7952707,-58.01536736,-8.835,-11.132
CS22941-027,-2.71,1.23,0.32,-1.17,0.58,6.95,-96.0,-105169.023703,1821.41904707,1317.53730394,1440659.56133,152.220349166,268.768595384,20.1292612658,0.50907145146,357.084730352,-71.1412402268,3.789679651,r1,353.7420928,-36.8682132,6.471,4.768
CS22943-059,-2.64,0.22,0.89,-1.8,0.9,6.01,239.5,-115477.652659,-961.203639899,1880.55321915,2401246.4642,-100.471556993,-137.541172762,15.2016123027,0.413190763616,357.166336497,-33.6571126432,1.216933227,r1,304.7528239,-43.28996684,19.642,-66.046
CS22945-031,-3.03,0.59,0.79,-1.81,1.36,5.99,197.0,-127022.614263,154.052213022,1288.24281827,1353683.97417,154.063047406,21.1204488201,13.443576539,0.856696694642,312.068587191,-48.4689450539,1.697309818,r2,356.8837252,-67.50998713,36.154,-1.677
CS22945-056,-2.83,1.59,0.3,-1.08,0.67,7.1899999999999995,222.0,-111555.521551,-870.620188118,1042.54718842,1196009.32917,-254.448968865,-139.717129775,18.9709794064,0.7229402242,312.357591981,-50.5571369314,5.382915189,r1,358.3323821,-65.49437083,-5.489,-10.804
CS22948-093,-3.42,1.64,-0.29,-1.63,1.87,6.65,395.0,-61072.1080536,705.220887218,1845.92650449,2212035.89079,-395.134421328,103.28337379,56.1191958837,0.918084184511,0.213756804268,-50.5385967957,1.844029234,r2,327.6312208,-41.13044926,-18.221,-16.992
CS22894-023,-2.82,0.71,0.29,-1.63,1.24,6.32,-325.0,-121440.644413,11.7640208372,2055.11243725,2719369.94084,102.055765422,1.4768568102,12.6077403247,0.331371465257,84.3964918942,-59.3486408732,1.04902452,r2,354.3274699,-2.141081789,23.57,-3.319
CS22955-174,-2.5,0.25,0.54,-0.58,0.6,6.18,8.0,-156931.437041,512.165437158,269.047081936,526778.841424,-90.4034767757,106.782644146,6.59338702234,0.488109028626,21.3686546268,-34.2036637845,4.402548204,r1,310.520981,-23.82021504,-5.671,-7.395
CS22960-010,-3.03,0.61,0.24,-2.13,0.96,6.01,41.0,-103173.617343,1399.84731354,982.089995959,669022.701708,-247.721585294,180.854838615,22.8346393553,0.712589326926,353.259530129,-53.0742160705,0.435598182,r1,332.1048681,-44.89927447,-124.791,-43.794
CS22960-029,-2.77,0.45,0.39,-2.02,1.18,6.109999999999999,47.0,-153182.256953,560.546743743,537.690138291,390723.11445,50.4773805345,78.9439050149,7.66201180835,0.57517607383,353.790012359,-53.7415444479,1.530897137,r2,332.8982817,-44.42298283,17.426,-18.099
CS22964-115,-2.7,0.48,0.9,-1.43,1.16,6.21,-216.0,-119132.80768,-1159.67628002,1569.1320418,1718761.0122,118.675429311,-171.679644148,14.2588074741,0.42472098049,0.159114814974,-29.1333577711,1.425455425,r2,299.3687768,-40.00121629,-30.512,-54.413
CS22964-176,-2.46,0.25,0.0,-1.21,1.22,6.22,-54.0,-163326.636067,157.765496344,309.82327213,173659.922767,33.0194950361,23.4724629512,6.84136211531,0.858233339973,359.969131847,-30.0747207925,1.477626895,r2,300.5296449,-40.35731939,-7.282,-28.902
CS22964-183,-2.87,0.83,-0.14,-2.16,1.24,6.39,97.0,-158951.707109,-360.406449077,523.936944313,301915.314117,-73.401447544,-54.6093817772,7.09233384073,0.694383161107,359.406379099,-29.9977660437,1.616975359,r2,300.3031511,-40.8195774,-3.121,-37.399
CS22964-214,-2.84,0.73,0.29,-1.67,1.24,6.32,43.0,-145600.743628,-945.342286636,932.687850806,612067.782566,13.3641322863,-129.157199355,7.55902850259,0.268684225622,1.14964933045,-30.5944490104,0.790939351,r2,301.4584147,-39.46248029,15.157,-101.231
CS22965-054,-2.89,1.02,0.89,-2.23,1.73,6.559999999999999,-281.9,-124311.878424,72.3312975814,987.212108746,701789.032276,245.190122838,9.61805996303,15.1001704862,0.97081808711,57.6481673404,-43.540947567,1.354846348,r2,331.6263401,-2.542894027,27.324,0.947
CS29493-023,-2.66,0.41,0.57,-1.52,1.1,6.18,37.0,-143939.366239,733.546125918,972.357908416,743305.742889,66.9612861747,99.7613714071,8.56878564521,0.451260058942,20.7878524548,-49.4593215113,1.071539893,r2,326.8758964,-27.91867723,31.924,-24.812
CS29493-050,-2.89,0.84,0.86,-2.05,1.36,6.379999999999999,-95.0,-139876.70095,-794.326386855,847.415566726,596854.204726,-118.839217208,-107.568458468,9.92366109509,0.54328743572,18.0745223937,-50.1634724287,1.015416742,r2,327.3609805,-29.75729271,-25.078,-71.862
CS29493-094,-2.44,0.31,0.39,-1.22,1.05,6.300000000000001,-205.0,-133170.929645,755.625355544,833.819801631,529757.7659,189.943153502,102.207603351,12.0489417285,0.664550253499,17.8230290741,-51.9326496179,1.038427948,r2,329.3642467,-30.13408613,23.903,-14.756
CS29495-005,-2.26,0.14,0.67,-1.08,0.85,6.3100000000000005,-145.0,-149919.687962,442.668067151,294.712039225,172975.754255,136.833229683,61.2019433732,8.98113074699,0.74279609533,20.396256831,-46.202440899,1.191268175,r1,323.2050384,-27.56918769,18.326,-22.706
CS29499-003,-2.35,0.26,0.5,-0.96,0.79,6.34,-68.0,-133218.471501,309.321253766,517.863803446,379748.609122,-195.01352848,40.1338125798,12.7083730601,0.871025988445,29.3468552776,-74.0445221449,1.229185735,r1,354.9289029,-26.98230349,-18.835,-43.668
CS29499-058,-2.61,0.59,0.58,-0.95,0.64,6.41,143.0,-130158.966445,131.735941259,1243.29451403,1063551.09284,-191.564069954,16.89449684,12.8023603352,0.910715663493,34.5760648853,-76.7241200592,1.077309562,r1,358.0662094,-25.97213435,-6.747,-55.158
CS29501-032,-2.71,0.33,0.45,-1.67,1.38,6.05,-150.0,-148999.653848,222.170074613,242.040834781,209398.314018,166.240927395,32.8337948952,9.27752085505,0.868042485461,8.71357012143,-42.1199974889,1.686003202,r2,316.9687881,-35.21328018,14.392,-22.547
CS29506-007,-2.94,0.81,0.22,-1.33,1.36,6.300000000000001,46.0,-145279.386197,1134.55683385,235.468585886,132944.305761,-88.2736968317,155.630472835,8.47623972226,0.362451327137,28.5112039398,-41.7223571071,1.09846804,r2,320.1193561,-20.77313066,-7.876,-20.298
CS29506-090,-3.08,0.64,0.69,-1.7,1.38,5.99,-17.0,-155497.854523,288.345479856,73.7027584099,110668.259294,-97.1897078166,39.3428907148,8.19243957697,0.809950040566,27.642698105,-44.3657872856,1.073140088,r2,322.6202367,-22.17839175,-12.426,-40.732
CS22886-003,-2.87,0.54,0.2,-1.7,1.18,6.099999999999999,-73.0,-115131.167159,1314.31195756,335.720799542,163245.427684,236.037606889,171.388440646,17.9251836869,0.681650243916,49.0079149989,-49.5500519246,0.802344891,r2,333.4676896,-10.78357092,62.276,8.929
CS29513-003,-2.46,-0.04,0.32,-0.57,0.5,5.930000000000001,-103.0,-147110.1026,-193.140111137,940.704758207,1033596.34937,-6.09283662375,-28.4908367486,8.15224607254,0.714950481706,349.628307151,-65.456641862,2.99729173,r1,348.8821314,-41.93891618,2.966,-19.048
CS29513-015,-2.51,0.38,0.39,-1.28,0.94,6.300000000000001,50.0,-134487.611259,1212.90666885,135.913323671,127586.723278,-153.933300292,158.688350457,11.3801421909,0.511668678905,359.623845208,-67.1115664354,0.917065575,r1,348.637588,-37.60154522,-23.786,-26.445
CS29513-031,-2.59,1.32,0.12,-1.56,1.28,7.16,295.0,-107679.30566,990.471861275,2148.40341911,3140147.43737,-108.754084599,135.419144705,18.1260837734,0.434442924513,351.665594628,-68.0007022391,1.852393095,r2,351.2973369,-39.99124172,4.422,-7.953
CS29517-018,-2.94,0.42,0.56,-1.38,0.88,5.91,151.0,-131799.254973,661.062219809,1546.75011968,1585447.71531,73.6731855923,83.3316956737,10.4400244879,0.381505285029,66.0642547483,-73.4773661358,0.594564947,r1,358.408219,-17.38632332,63.986,-44.664
CS29517-042,-2.54,0.26,0.21,-1.25,0.74,6.1499999999999995,-37.0,-155510.641793,-234.085860066,207.750400432,126399.80465,-50.171491415,-29.4436117434,8.19616854499,0.842543754428,75.5982213031,-74.7939125848,0.801643617,r1,1.263231864,-16.36843342,23.55,-65.557
CS30492-016,-3.4,0.65,-1.74,-1.34,1.28,5.68,46.0,-156073.912797,298.005195887,640.673745749,293232.800416,4.58897334975,39.0009139942,7.70233512825,0.769715852137,1.89362623923,-41.9151748353,0.482742105,r2,316.2075037,-40.24705734,31.765,-85.535
CS22888-014,-2.69,0.7,0.32,-1.28,1.01,6.4399999999999995,-128.0,-150085.759938,-264.936623248,654.680159592,368755.753638,106.295142608,-34.6352949995,8.7378389513,0.818491360145,10.951030052,-66.0840513214,0.881817236,r2,346.064895,-33.49602554,37.226,-52.348
CS30493-071,-2.46,0.35,0.8,-0.94,0.79,6.319999999999999,-3.0,-143377.673992,1196.33625421,205.01610495,190606.282846,71.4411478683,158.50326867,8.56144826603,0.326679653083,4.35686600402,-68.1162796087,1.217202982,r1,349.1284191,-35.57664314,18.271,-6.805
CD-38245,-4.5,-0.19,0.37,-1.69,0.69,3.74,48.29,-143714.91742,57.9885565918,225.50154794,503722.583014,124.590214764,7.58893195442,9.97036316224,0.962079468629,308.149688689,-79.4198741701,3.294071504,r1,11.65089731,-37.65935345,15.234,-7.529
G10-54,-2.3,-0.29,0.39,-1.61,1.25,5.840000000000001,60.55,-144356.466863,-25.040646335,221.814895313,41952.7671915,-164.668041265,-3.1273465664,10.577967137,0.987729198843,265.229921976,64.4074155139,0.183819101,r2,177.4509267,6.146497128,32.805,-315.809
G122-69,-2.5,0.95,-0.06,-1.89,1.39,6.879999999999999,-102.86,-149257.258891,-1027.43473692,103.165958813,24810.2032812,-28.7767927386,-127.147965156,8.18887319954,0.414573745558,144.898273468,67.6893373659,0.258944901,r2,180.7671537,47.3228832,-121.764,-253.679
G25-22,-2.33,-0.25,0.29,-0.98,0.69,5.85,-151.6,-133216.147775,-777.795402203,654.864349554,269346.072887,-188.508072492,-98.281771067,12.4097400662,0.69732062851,61.430394674,-25.1184761078,0.202552383,r1,318.7016967,11.00681606,-59.272,-367.599
G166-47,-2.28,0.38,0.29,-1.23,1.14,6.530000000000001,-63.49,-145124.134969,-291.928630937,625.290492429,279626.847273,137.112506216,-36.9066786415,9.92962068194,0.839057443831,52.3059867279,63.7978416231,0.336928587,r2,222.5096347,32.64876644,-187.587,-43.796
G214-1,-2.29,-0.12,0.19,-0.29,0.56,6.0200000000000005,-117.28,-143579.182217,772.02629858,597.734547217,225259.948542,122.847622978,96.6878772879,9.77447654893,0.607172931233,84.2875330759,-15.6615496906,0.178459292,r1,326.9827665,33.10748292,195.565,-14.047
G238-30,-3.4,1.15,-0.54,-2.52,1.93,6.18,226.7,-48716.4309653,-381.602324296,2938.67717944,5443741.2597,278.528130108,-47.1502738537,71.7958978831,0.866118434133,118.244684298,52.6362579991,0.318694911,r2,199.4146719,64.25270916,-283.936,-156.046
G25-24,-2.28,0.08,0.13,-0.8,0.53,6.23,47.82,-116312.983391,780.756543326,2166.05722407,2951492.65163,24.4687151967,98.777532517,13.7028371618,0.276361494737,50.1556824941,-32.5007546743,0.178875125,r1,319.1746183,-1.303507717,266.368,-248.851
CS22180-014,-2.9,0.48,0.23,-1.45,0.91,6.01,32.0,-136691.515554,-1518.10765685,413.812179552,158751.966858,55.8244880955,-186.535126002,9.1006283503,0.219744796262,159.676564714,-72.458153367,0.489295907,r1,23.51101334,-12.69918581,126.995,-132.902
G4-36,-1.94,0.09,0.22,-1.89,1.12,6.58,226.17,-108287.226493,-63.5736221344,753.179218178,364775.297666,298.789219137,-7.81502828171,21.5952990266,0.98617087015,160.264473948,-41.186540461,0.190082669,r2,40.8433704,13.43186116,339.449,-147.092
G4-37,-2.67,0.49,0.41,-1.31,0.87,6.25,-106.48,-127882.154318,636.10653239,708.353835864,314187.155085,-215.347467105,78.0294682652,14.1041502971,0.781835394342,164.506557842,-45.0650244381,0.223354484,r1,41.14593605,8.479590798,-60.428,-230.206
G75-56,-2.3,0.32,0.51,-1.26,0.9,6.45,28.63,-134684.080374,-1523.2966724,522.400486224,184267.33518,-81.7822575141,-186.184585977,9.85064648446,0.276451868422,184.177325852,-52.7597142033,0.300947359,r1,45.09656893,-5.964943723,142.274,-264.831
CS29514-007,-2.81,0.89,0.02,-1.88,1.74,6.51,31.0,-80658.1623608,-2705.9778248,397.97586631,231858.680482,195.332696708,-334.982217988,35.9869525826,0.688666292202,181.651269258,-85.9583473473,1.106787066,r2,16.66968187,-24.97859145,93.157,-67.016
HD122563,-2.96,-0.22,1.12,-1.77,0.73,5.249999999999999,-26.17,-149896.274011,1.37205216557,149.367773858,36691.5241738,132.842524266,0.173990648812,9.46422108964,0.999178173607,350.165336471,65.8042739312,0.282900225,r1,210.6318617,9.68579244,-189.676,-70.32
HD126587,-2.89,0.31,-0.065,-0.735,0.72,5.85,149.74,-152376.15597,290.584274972,16.7453711103,37857.1384605,-123.555730502,38.4034962221,8.89959504409,0.832582730315,330.345016908,35.4892272478,0.618294847,r1,216.7514457,-22.24439443,-14.976,-53.441
HD186478,-2.5,-0.13,0.19,-0.83,0.63,5.799999999999999,32.0,-141082.390046,-770.918931521,474.113189004,171188.359367,-171.467155299,-107.00149148,10.4919318781,0.645683780137,22.7654208647,-19.5407790574,0.924222133,r1,296.3088208,-17.49121934,-22.224,-85.046
HD20,-1.58,-0.38,-0.04,-0.53,0.79,6.469999999999999,-56.45,-132566.621259,13.6995378899,164.003279675,69103.9081278,226.639573479,1.72896842154,13.3806615102,0.995002331489,29.4875807135,-79.7343453324,0.493690892,r1,1.314493081,-27.27187781,132.434,-39.917
HD221170,-2.14,-0.6,-0.16,-0.68,0.73,5.6899999999999995,-121.12,-144506.402686,832.635594586,267.228175921,62272.1131607,-121.930410639,102.643888122,9.7619327718,0.600410468589,102.704518686,-29.1999011062,0.519853872,r1,352.3699535,30.43250435,-16.642,-53.664
HD338529,-2.41,0.3,0.45,-0.84,0.71,6.32,-129.48,-154302.800708,639.006622933,383.374275741,92157.0810374,-20.9756081412,80.4447772919,7.99260407765,0.599368343285,60.9199137589,3.46783412743,0.118001165,r1,293.1329674,26.38983723,1.487,-174.364
HD340279,-2.9,0.55,0.05,-1.08,1.29,6.08,-322.94,-137899.859634,-1121.3229515,1182.24281073,877211.144689,-1.52928416026,-141.531514657,8.15693440201,0.161535868273,65.9425998239,-7.25188005861,0.19586848,r2,306.1896435,25.050908,89.147,-247.708
HD6268,-2.63,-0.55,0.12,-0.55,0.54,5.25,39.52,-126916.845339,1562.42363766,404.537379441,175837.74559,-146.625531055,194.796001017,12.7286998728,0.44091830917,229.574266947,-87.2637597519,0.671385834,r1,15.82557202,-27.88068752,-29.652,-33.643
HE0945-1435,-3.9,2.0,-0.9,-2.2,2.2,6.529999999999999,121.8,-142484.77695,1049.86398755,226.584257804,95208.921153,97.7268640474,124.78179276,9.65297238482,0.492492946762,250.520443049,28.8258937366,1.211355774,r2,146.961064,-14.81858167,-21.062,-2.076
HE1327-23261D,-5.78,3.985,-0.24,-3.145,4.56,6.634999999999999,112.0,-87224.2961204,1165.1862322,2054.27211275,2883692.68292,191.970607613,156.569560764,31.2817876564,0.714106863583,314.232740457,38.3249884886,1.063653626,r2,202.5245012,-23.69694272,-52.524,45.498
Draco3157,-2.45,-0.08,-0.23,-3.68,3.22,5.8999999999999995,-295.35,-133645.435345,-77.1694664015,1385.23737097,1586163.51798,-11.0906843367,-8.59774343681,10.8089427853,0.618040317476,86.3203446614,34.7919138192,5.619798406,r2,259.9243541,57.87201284,-0.121,-0.453
LAMOSTJ1109+0754,-3.41,-0.57,-0.02,-0.85,1.16,4.449999999999999,-98.64,-116010.450279,955.871992348,625.647492923,795045.089229,-175.743600507,105.204198001,17.3898759232,0.709595329645,246.569061001,59.0610071676,4.227642567,r2,167.2551093,7.911567257,2.009,-9.155
G180-58,-2.62,0.38,0.38,-1.16,0.65,6.19,-309.02,-127176.018823,-1210.99555064,917.621579227,530404.385118,-162.728303255,-151.773029808,13.0504745435,0.533221831934,70.0221077379,43.6870454441,0.085902798,r1,247.0686851,44.67431561,-267.005,-691.742
G115-49,-2.6,0.02,0.45,-1.23,0.79,5.85,-63.7,-145829.138265,-1052.31657161,393.091815787,101056.529035,-68.319853729,-129.563490929,8.75306913076,0.43142922502,183.846567454,41.9236223889,0.164354677,r1,136.3195496,38.79648136,6.518,-468.606
SDSSJ103649.93+121219.8,-3.2,1.57,-1.69,-0.09,1.29,6.8,-33.54,-126738.396241,-192.240699619,288.545033569,428912.928114,-182.40488124,-20.8786052537,14.6001292297,0.930346607324,231.585115539,55.1353163044,3.102737953,r2,159.2080573,12.20543913,3.278,-19.874
G206-34,-3.13,0.58,-0.01,-1.14,1.12,5.88,-88.1,-133164.549978,359.040091277,828.677614347,435231.97675,-196.758316012,45.4860907273,12.6186232674,0.846570043249,57.4586024419,15.8915266514,0.209577435,r2,278.8297956,28.69752454,-15.055,-279.072
HE0938+0114,-2.92,0.61,0.32,-1.66,1.24,6.119999999999999,-56.68,-91814.8465379,-420.112040332,1064.56120032,719335.757201,-333.364726849,-51.969906965,30.0235139104,0.933740752046,234.440548655,37.3822674894,0.179449153,r2,145.1806594,1.006021264,147.972,-505.701
CS29514-018,-2.58,0.28,1.08,-2.11,0.86,6.129999999999999,74.0,-137927.953371,1448.52874188,500.55264985,269185.011501,33.8512463066,179.862378842,8.57163060448,0.181947314274,207.364601662,-85.9515217968,0.853153294,r1,17.36925168,-26.66352329,14.968,-4.593
CS29499-060,-2.75,0.54,0.45,-1.91,0.88,6.219999999999999,-60.0,-114378.001615,1469.54514704,285.448671425,112968.552168,229.793506767,186.328811449,18.0192410661,0.649527896949,30.2962952496,-77.1451517948,0.590532716,r1,358.4182942,-26.97878325,80.076,23.782
SMSS_J003055.81-482011.3,-2.53,0.05,-0.09,-0.31,0.51,5.950000000000001,85.84,-143037.266024,504.576479755,530.001050224,951350.51381,-2.22998169477,75.210845398,8.87859340035,0.550906154023,312.226582146,-68.420087791,6.056707248,r1,7.732584195,-48.33638563,3.704,-3.46
SMSS_J051008.62-372019.8,-3.2,0.56,-0.34,-0.2,0.95,5.79,370.94,-132425.510654,-911.022189098,1459.54248922,1382833.41212,49.8489424963,-107.923504486,9.89926791102,0.295126171866,241.094205228,-35.3961351387,1.037577106,r1,77.53594536,-37.33881211,11.816,-23.439
SMSS_J164921.94-041943.9,-2.24,-0.25,-0.16,-0.32,0.68,5.9399999999999995,-197.11,-161054.055349,-90.921123469,212.271240172,366585.177689,163.437657314,-20.2954009174,6.80391192307,0.905576088258,13.7955315153,24.597281115,4.086641033,r1,252.341384,-4.328886991,-9.096,-4.726
SMSS_J175738.37-454823.5,-2.46,-0.43,-0.26,-0.55,1.02,5.54,-65.18,-176155.057696,427.247762564,233.961444899,329718.969665,17.5483397847,160.600303793,3.55367354865,0.151888191111,346.527511417,-10.5234561789,5.982205332,r2,269.4098692,-45.80655011,0.564,-5.327
J183647.89-274333.1,-2.48,-0.47,0.05,-0.69,0.82,5.48,-379.13,-119473.832972,-352.451874879,515.297877968,504329.960843,78.7504497249,-382.454379118,16.9032275549,0.893339593516,6.46366930814,-9.31447804061,8.253457213,r1,279.199514,-27.72585806,1.759,-2.88
SMSS_J195931.70-643529.3,-2.58,-0.45,0.21,-0.75,0.74,5.3999999999999995,284.1,-128347.933512,-115.194285124,1437.23082979,1902262.85937,-205.302246315,-27.3776660941,11.8710790755,0.52627741168,331.720769464,-31.5786668566,6.124963445,r1,299.8821649,-64.59149332,1.78,-1.142
HE0440-3426,-2.2,1.51,-0.13,-0.16,0.62,7.739999999999999,319.52,-130302.764229,-136.271888193,858.222577745,699219.948523,149.05731064,-14.7634615814,13.2034487357,0.934486884706,236.265275078,-40.5567456366,2.573792594,r1,70.53411292,-34.35385562,8.908,-0.722
HE0448-4806,-2.3,2.24,-0.68,-0.09,1.87,8.370000000000001,128.07,-151544.477939,677.662371844,99.6925021854,73090.8909434,52.6005723702,82.4842942554,8.50967015687,0.610365288479,254.25722281,-39.8549366193,0.904626534,r2,72.38786742,-48.01895669,25.112,4.551
CS22943-095,-2.44,0.45,0.76,-1.23,0.91,6.4399999999999995,-166.0,-127984.477932,1378.87921524,398.243583684,108883.96979,173.498722486,177.96472684,13.059451379,0.527761149219,353.030260116,-35.4780890839,0.311774086,r1,306.8752196,-46.84921119,43.559,-54.436
CS22953-037,-3.05,1.0,-0.95,-2.12,1.4,6.38,-153.0,-76790.8544394,1994.06849128,986.178605408,651176.597321,297.701331488,254.822395705,40.0164730809,0.789265783999,294.962984692,-57.337474614,0.81110162,r2,21.27828485,-59.26671924,67.866,35.624
HE0009-6039,-3.29,0.28,-0.63,-2.4,1.24,5.419999999999999,25.0,-149242.163811,704.259176947,396.304242495,617596.913826,-6.92247445185,105.263851004,7.56312372295,0.417215540344,311.760871919,-56.0660303151,4.125616082,r2,2.878677459,-60.37261844,4.219,-5.211
HE0411-5725,-3.08,0.47,-0.2,-2.39,1.09,5.82,286.1,-133464.238693,-130.418541044,1019.05631263,1185987.95239,42.5125414352,-14.108897025,11.6418222211,0.873703064529,267.871947579,-43.7671520167,6.014569913,r2,63.02165179,-57.29983883,3.177,0.029
HE2217-4053,-3.37,0.3,0.92,-2.05,1.05,5.36,-3.9,-149136.364052,786.861188168,457.347026745,666887.011109,-35.8720165442,136.31503984,7.01380141781,0.28860847721,359.530458638,-56.237709403,4.008514797,r2,335.1639517,-40.64466449,-0.804,-5.291
HE2203-3723,-3.3,0.46,1.13,-2.73,1.25,5.590000000000001,-199.6,-134272.95301,491.947757435,1314.01450464,1803016.03654,69.682154688,94.4437735731,8.67748783494,0.191432957612,6.23335824368,-53.9821724962,4.790069318,r2,331.6257216,-37.15351819,-1.263,-5.602
HE0132-2429,-1.8,0.83,0.98,-2.07,1.22,7.46,294.7,-93753.3379616,1411.84210242,2485.19572633,4173138.87498,2.5556198036,165.473162075,25.1228078776,0.499339290747,199.826780543,-79.8296303234,3.190775507,r2,23.74524983,-24.40518862,0.201,-3.929
HE2244-2116,-2.35,0.34,0.1,-0.68,0.58,6.42,167.6,-116645.849427,1540.41638363,1407.43224839,1638784.608,-78.4975858826,227.944794351,14.3317225527,0.331853962544,38.2773724277,-60.989739121,3.475921795,r1,341.7114046,-21.01199754,-0.751,-4.811
HE0130-1749,-3.34,0.52,1.09,-1.37,0.6,5.609999999999999,-104.0,-126624.592046,621.594599196,1623.18355799,2101973.19995,78.0026536284,67.2782574553,11.1036671776,0.299571956157,169.776380736,-76.552615828,5.402762272,r1,23.10992785,-17.5729429,7.183,-2.334
HE1226-1149,-2.91,0.54,-0.4,-0.69,1.54,6.059999999999999,97.9,-111835.724057,1637.68874432,1628.84100142,2057699.5403,-84.0448121153,224.876970335,15.7840548898,0.328126622668,294.48757972,50.4072598542,4.923396589,r2,187.3668135,-12.10391175,-0.052,4.369
HE1347-1025,-3.48,0.27,-0.36,-2.05,1.38,5.219999999999999,48.6,-154328.516477,-280.197342292,413.859760201,715205.710321,-18.6092965895,-48.5369165185,7.1155198171,0.676137450105,325.60805953,49.5872447283,4.641457062,r2,207.5932944,-10.67197754,-6.083,-11.292
HE2357-0701,-3.17,0.38,0.44,-2.26,0.87,5.640000000000001,-82.9,-140740.975803,1032.27312082,504.194982171,579650.018172,-24.8666779549,127.366412845,8.92755797476,0.359528375449,89.7003190151,-66.2517613218,3.330840104,r1,0.018784491,-6.752024747,0.563,-5.793
HE1356-0622,-3.49,0.07,-0.54,-1.79,0.55,5.01,93.5,-155968.917669,59.9092439449,294.327397611,652940.784349,29.8504204383,10.3261518819,7.10986379181,0.925479116828,331.425216063,52.4555332409,4.372643218,r1,209.8762809,-6.60971941,-9.156,-5.462
HE1141-0610,-2.28,1.01,0.16,-1.18,1.09,7.16,91.9,-148803.438547,610.327892416,123.987788157,171110.808822,95.3106549487,76.5157684043,8.98846916746,0.656156726515,274.698245438,52.7065542585,1.464480872,r2,176.0938955,-6.449699132,-24.126,-8.922
HE0102-0633,-3.1,0.99,0.11,-2.21,1.62,6.32,3.8,-150034.026206,560.444529028,479.2208117,303461.590115,-34.3471660414,67.2926897884,8.53126919973,0.6423701796,132.629951051,-68.9011589965,1.317282857,r2,16.35714933,-6.293258234,10.848,-26.434
HE1424-0241,-1.8,0.84,-0.7,-2.45,1.54,7.47,59.8,-150420.749509,697.974229879,592.027504869,764886.303438,-35.5088438519,125.890698521,6.58083851898,0.257995063837,344.054367166,52.1921470528,4.244789449,r2,216.668028,-2.907647446,-3.82,-2.85
HE1338-0052,-3.0,1.44,0.3,-1.52,1.45,6.869999999999999,-39.0,-146555.609305,776.438738209,682.057403952,509243.9724,-63.9468056479,105.3936794,8.36752941083,0.469383451775,327.800660744,59.3357708665,1.492572395,r2,205.2468225,-1.122314759,-2.427,-23.495
HE0226+0103,-2.81,0.16,-0.14,-0.73,0.8,5.779999999999999,55.4,-128174.777809,1078.05145476,1255.39952245,1295007.51291,-28.1811837486,101.536709332,11.4090421251,0.364852355648,166.498533065,-53.1053181321,4.45222389,r1,37.30711785,1.287634416,1.375,-7.712
BS16545-089,-3.5,1.7,0.15,-2.06,1.91,6.629999999999999,-161.1,-127356.154264,384.956786875,513.030495038,375277.292054,-202.910862883,45.3012759026,14.3881886413,0.864680009351,179.642502142,69.2254856578,1.403221581,r2,171.114715,36.84119118,10.336,-34.107
CS22966-043,-1.91,0.11,-0.17,-1.91,1.21,6.629999999999999,-277.0,-106508.70947,1187.06430492,2067.4517054,2744325.02524,131.248087529,151.926646886,19.063031898,0.47946048052,24.4959529018,-75.0205672195,0.795296124,r2,355.9770141,-28.30963347,23.956,-3.518
CS22886-013,-2.6,1.55,0.36,-1.31,0.89,7.380000000000001,-32.0,-149701.767653,197.90812705,740.998796465,852383.089668,-80.4866334135,30.2756432466,7.9260797941,0.765681654563,51.3121490609,-48.1408291927,4.596849781,r1,333.0125701,-8.762807243,1.023,-11.68
CS30312-062,-2.65,1.71,0.28,-1.75,0.99,7.49,33.69,-164496.319076,-109.774528361,329.405039081,475296.95817,-39.5498713704,-20.3187943173,5.96052297339,0.850618164215,3.88051330324,40.7075080333,3.438099739,r1,234.3868116,-1.731549684,-10.769,-11.418
G199-66,-2.34,0.03,0.33,-1.49,0.62,6.119999999999999,-144.94,-128016.603265,-1474.40698041,77.8595982649,23072.0343982,162.028015083,-182.928352024,12.9250469247,0.499271399032,114.89778719,60.0930752479,0.281175731,r1,200.1280129,56.57935476,-286.829,-136.56
